ref_date,province,Biomass,Combustible fuels,Hydro,Non-renewable combustibles,Nuclear,Solar,Wind
2016-01-01,Alberta,0.0,7094835.0,143297.0,0.0,,119.0,435206.0
2016-01-01,British Columbia,0.0,656770.0,6282143.0,0.0,,0.0,123453.0
2016-01-01,Manitoba,0.0,14693.0,3028482.0,0.0,,0.0,80424.0
2016-01-01,New Brunswick,0.0,667083.0,269647.0,0.0,490425.0,0.0,86843.0
2016-01-01,Newfoundland and Labrador,0.0,303692.0,4581599.0,0.0,,0.0,20217.0
2016-01-01,Nova Scotia,0.0,823926.0,92922.0,0.0,,0.0,106744.0
2016-01-01,Ontario,0.0,1387401.0,3544699.0,0.0,8433834.0,62903.0,1285619.0
2016-01-01,Prince Edward Island,0.0,1571.0,0.0,0.0,,0.0,57175.0
2016-01-01,Quebec,0.0,224361.0,20446720.0,0.0,0.0,60.0,1020169.0
2016-01-01,Saskatchewan,0.0,1952335.0,294900.0,0.0,,0.0,61200.0
2016-02-01,Alberta,0.0,5805541.0,133727.0,0.0,,109.0,515231.0
2016-02-01,British Columbia,0.0,550304.0,4884000.0,0.0,,0.0,129180.0
2016-02-01,Manitoba,0.0,12940.0,2906299.0,0.0,,0.0,78977.0
2016-02-01,New Brunswick,0.0,590957.0,252946.0,0.0,459917.0,0.0,88323.0
2016-02-01,Newfoundland and Labrador,0.0,282040.0,3950032.0,0.0,,0.0,17406.0
2016-02-01,Nova Scotia,0.0,700949.0,115791.0,0.0,,0.0,92039.0
2016-02-01,Ontario,0.0,1288688.0,3365525.0,0.0,7818067.0,80501.0,1059386.0
2016-02-01,Prince Edward Island,0.0,1446.0,0.0,0.0,,0.0,55547.0
2016-02-01,Quebec,0.0,219215.0,19285350.0,0.0,0.0,88.0,924742.0
2016-02-01,Saskatchewan,0.0,1758311.0,297709.0,0.0,,0.0,60750.0
2016-03-01,Alberta,0.0,6196588.0,161315.0,0.0,,101.0,461390.0
2016-03-01,British Columbia,0.0,604152.0,4900888.0,0.0,,0.0,127307.0
2016-03-01,Manitoba,0.0,8509.0,3123068.0,0.0,,0.0,87144.0
2016-03-01,New Brunswick,0.0,500168.0,354185.0,0.0,491101.0,0.0,71832.0
2016-03-01,Newfoundland and Labrador,0.0,298945.0,4025290.0,0.0,,0.0,17753.0
2016-03-01,Nova Scotia,0.0,735956.0,123478.0,0.0,,0.0,90611.0
2016-03-01,Ontario,0.0,1250724.0,3403377.0,0.0,7696686.0,108205.0,787487.0
2016-03-01,Prince Edward Island,0.0,879.0,0.0,0.0,,0.0,54254.0
2016-03-01,Quebec,0.0,219550.0,18072702.0,0.0,0.0,115.0,803384.0
2016-03-01,Saskatchewan,0.0,1849510.0,266673.0,0.0,,0.0,67664.0
2016-04-01,Alberta,0.0,5530578.0,162970.0,0.0,,114.0,364476.0
2016-04-01,British Columbia,0.0,489586.0,4187028.0,0.0,,0.0,126091.0
2016-04-01,Manitoba,0.0,13302.0,3067767.0,0.0,,0.0,100752.0
2016-04-01,New Brunswick,0.0,558655.0,560171.0,0.0,10664.0,0.0,71500.0
2016-04-01,Newfoundland and Labrador,0.0,208418.0,2677767.0,0.0,,0.0,16341.0
2016-04-01,Nova Scotia,0.0,593943.0,111394.0,0.0,,0.0,83942.0
2016-04-01,Ontario,0.0,1078148.0,3350370.0,0.0,6882949.0,154361.0,686061.0
2016-04-01,Prince Edward Island,0.0,416.0,0.0,0.0,,0.0,51223.0
2016-04-01,Quebec,0.0,195980.0,15737625.0,0.0,0.0,152.0,823781.0
2016-04-01,Saskatchewan,0.0,1574176.0,316285.0,0.0,,0.0,66217.0
2016-05-01,Alberta,0.0,5083154.0,188577.0,0.0,,150.0,313384.0
2016-05-01,British Columbia,0.0,459968.0,4936755.0,0.0,,0.0,104409.0
2016-05-01,Manitoba,0.0,8163.0,2925949.0,0.0,,0.0,85355.0
2016-05-01,New Brunswick,0.0,514818.0,477847.0,0.0,0.0,0.0,59776.0
2016-05-01,Newfoundland and Labrador,0.0,127657.0,2206260.0,0.0,,0.0,15453.0
2016-05-01,Nova Scotia,0.0,587239.0,95163.0,0.0,,0.0,67204.0
2016-05-01,Ontario,0.0,1355196.0,3494212.0,0.0,6099520.0,224847.0,712223.0
2016-05-01,Prince Edward Island,0.0,308.0,0.0,0.0,,0.0,44619.0
2016-05-01,Quebec,0.0,160944.0,14632603.0,0.0,0.0,171.0,840659.0
2016-05-01,Saskatchewan,0.0,1615334.0,230397.0,0.0,,0.0,73620.0
2016-06-01,Alberta,0.0,5481417.0,177870.0,0.0,,194.0,381428.0
2016-06-01,British Columbia,0.0,436978.0,5029095.0,0.0,,0.0,92345.0
2016-06-01,Manitoba,0.0,9098.0,2759832.0,0.0,,0.0,72024.0
2016-06-01,New Brunswick,0.0,478872.0,296736.0,0.0,252507.0,0.0,58884.0
2016-06-01,Newfoundland and Labrador,0.0,107112.0,2172538.0,0.0,,0.0,12352.0
2016-06-01,Nova Scotia,0.0,546213.0,48131.0,0.0,,0.0,67534.0
2016-06-01,Ontario,0.0,1258158.0,3086882.0,0.0,7282308.0,237225.0,703837.0
2016-06-01,Prince Edward Island,0.0,364.0,0.0,0.0,,0.0,40476.0
2016-06-01,Quebec,0.0,167349.0,14540613.0,0.0,0.0,178.0,760619.0
2016-06-01,Saskatchewan,0.0,1640548.0,195370.0,0.0,,0.0,54230.0
2016-07-01,Alberta,0.0,6189356.0,190938.0,0.0,,218.0,234965.0
2016-07-01,British Columbia,0.0,567770.0,5069069.0,0.0,,0.0,81740.0
2016-07-01,Manitoba,0.0,14253.0,3089358.0,0.0,,0.0,54665.0
2016-07-01,New Brunswick,0.0,503636.0,225252.0,0.0,485950.0,0.0,44361.0
2016-07-01,Newfoundland and Labrador,0.0,76740.0,2222679.0,0.0,,0.0,13005.0
2016-07-01,Nova Scotia,0.0,614351.0,34819.0,0.0,,0.0,56251.0
2016-07-01,Ontario,0.0,1842623.0,2819312.0,0.0,8209799.0,224614.0,596773.0
2016-07-01,Prince Edward Island,0.0,273.0,0.0,0.0,,0.0,36606.0
2016-07-01,Quebec,0.0,174734.0,15468640.0,0.0,0.0,183.0,668840.0
2016-07-01,Saskatchewan,0.0,1686241.0,214650.0,0.0,,0.0,33586.0
2016-08-01,Alberta,0.0,6329337.0,212118.0,0.0,,210.0,246629.0
2016-08-01,British Columbia,0.0,552803.0,4741565.0,0.0,,0.0,76504.0
2016-08-01,Manitoba,0.0,15607.0,2922015.0,0.0,,0.0,56963.0
2016-08-01,New Brunswick,0.0,515840.0,178585.0,0.0,491403.0,0.0,49881.0
2016-08-01,Newfoundland and Labrador,0.0,88973.0,2796808.0,0.0,,0.0,11101.0
2016-08-01,Nova Scotia,0.0,647547.0,28467.0,0.0,,0.0,54786.0
2016-08-01,Ontario,0.0,2345568.0,2754729.0,0.0,8043289.0,222262.0,607051.0
2016-08-01,Prince Edward Island,0.0,235.0,0.0,0.0,,0.0,34836.0
2016-08-01,Quebec,0.0,193139.0,15522378.0,0.0,0.0,167.0,497054.0
2016-08-01,Saskatchewan,0.0,1688290.0,262814.0,0.0,,0.0,49447.0
2016-09-01,Alberta,0.0,5817633.0,158254.0,0.0,,177.0,373073.0
2016-09-01,British Columbia,0.0,545805.0,4357296.0,0.0,,0.0,89102.0
2016-09-01,Manitoba,0.0,7677.0,2787972.0,0.0,,0.0,65527.0
2016-09-01,New Brunswick,0.0,494996.0,112596.0,0.0,474069.0,0.0,55751.0
2016-09-01,Newfoundland and Labrador,0.0,96629.0,2688444.0,0.0,,0.0,13623.0
2016-09-01,Nova Scotia,0.0,584591.0,20608.0,0.0,,0.0,76387.0
2016-09-01,Ontario,0.0,1418123.0,2608392.0,0.0,7658879.0,186954.0,666117.0
2016-09-01,Prince Edward Island,0.0,330.0,0.0,0.0,,0.0,45530.0
2016-09-01,Quebec,0.0,172887.0,14020445.0,0.0,0.0,151.0,642611.0
2016-09-01,Saskatchewan,0.0,1530156.0,281573.0,0.0,,0.0,48344.0
2016-10-01,Alberta,0.0,6062428.0,141251.0,0.0,,144.0,313897.0
2016-10-01,British Columbia,0.0,597557.0,4666684.0,0.0,,0.0,82855.0
2016-10-01,Manitoba,0.0,18221.0,2948087.0,0.0,,0.0,86675.0
2016-10-01,New Brunswick,0.0,449370.0,137699.0,0.0,423733.0,0.0,68964.0
2016-10-01,Newfoundland and Labrador,0.0,130012.0,3106086.0,0.0,,0.0,16055.0
2016-10-01,Nova Scotia,0.0,628298.0,32568.0,0.0,,0.0,97855.0
2016-10-01,Ontario,0.0,1158367.0,2719238.0,0.0,7685743.0,136861.0,879172.0
2016-10-01,Prince Edward Island,0.0,604.0,0.0,0.0,,0.0,57798.0
2016-10-01,Quebec,0.0,156001.0,14510933.0,0.0,0.0,105.0,844308.0
2016-10-01,Saskatchewan,0.0,1642822.0,292035.0,0.0,,0.0,63082.0
2016-11-01,Alberta,0.0,6103761.0,141229.0,0.0,,127.0,485887.0
2016-11-01,British Columbia,0.0,579168.0,5385807.0,0.0,,0.0,100030.0
2016-11-01,Manitoba,0.0,11116.0,3096318.0,0.0,,0.0,94381.0
2016-11-01,New Brunswick,0.0,544015.0,225269.0,0.0,473433.0,0.0,58176.0
2016-11-01,Newfoundland and Labrador,0.0,177585.0,4145394.0,0.0,,0.0,15146.0
2016-11-01,Nova Scotia,0.0,675770.0,61033.0,0.0,,0.0,97006.0
2016-11-01,Ontario,0.0,1310516.0,2615368.0,0.0,7486635.0,103041.0,1060246.0
2016-11-01,Prince Edward Island,0.0,968.0,0.0,0.0,,0.0,56918.0
2016-11-01,Quebec,0.0,201963.0,15959398.0,0.0,0.0,66.0,936689.0
2016-11-01,Saskatchewan,0.0,1628932.0,329834.0,0.0,,0.0,72513.0
2016-12-01,Alberta,0.0,6823838.0,140515.0,0.0,,124.0,460823.0
2016-12-01,British Columbia,0.0,567241.0,7250720.0,0.0,,0.0,114569.0
2016-12-01,Manitoba,0.0,15034.0,3244378.0,0.0,,0.0,99031.0
2016-12-01,New Brunswick,0.0,798913.0,163806.0,0.0,491638.0,0.0,54378.0
2016-12-01,Newfoundland and Labrador,0.0,273652.0,4551271.0,0.0,,0.0,19197.0
2016-12-01,Nova Scotia,0.0,859330.0,39114.0,0.0,,0.0,110058.0
2016-12-01,Ontario,0.0,1296810.0,2915080.0,0.0,7844763.0,43549.0,1572844.0
2016-12-01,Prince Edward Island,0.0,2500.0,0.0,0.0,,0.0,57708.0
2016-12-01,Quebec,0.0,224799.0,19858453.0,0.0,0.0,52.0,1001243.0
2016-12-01,Saskatchewan,0.0,2026852.0,302503.0,0.0,,0.0,87517.0
2017-01-01,Alberta,0.0,6878493.0,122138.0,0.0,,127.0,440473.0
2017-01-01,British Columbia,0.0,546167.0,7218612.0,0.0,,0.0,157765.0
2017-01-01,Manitoba,0.0,16604.0,3389927.0,0.0,,0.0,83051.0
2017-01-01,New Brunswick,0.0,672029.0,179291.0,0.0,482617.0,0.0,74599.0
2017-01-01,Newfoundland and Labrador,0.0,276523.0,4781946.0,0.0,,0.0,18494.0
2017-01-01,Nova Scotia,0.0,859399.0,90629.0,0.0,,0.0,97850.0
2017-01-01,Ontario,0.0,897101.0,3321065.0,0.0,8388243.0,53923.0,1081256.0
2017-01-01,Prince Edward Island,0.0,2072.0,0.0,0.0,,0.0,60933.0
2017-01-01,Quebec,0.0,247729.0,20508279.0,0.0,0.0,58.0,834699.0
2017-01-01,Saskatchewan,0.0,1953761.0,359782.0,0.0,,0.0,70704.0
2017-02-01,Alberta,0.0,6201556.0,133353.0,0.0,,99.0,291393.0
2017-02-01,British Columbia,0.0,590054.0,5599015.0,0.0,,0.0,153562.0
2017-02-01,Manitoba,0.0,14177.0,3022685.0,0.0,,0.0,81632.0
2017-02-01,New Brunswick,0.0,612031.0,178136.0,0.0,462843.0,0.0,70853.0
2017-02-01,Newfoundland and Labrador,0.0,248949.0,4020204.0,0.0,,0.0,14090.0
2017-02-01,Nova Scotia,0.0,752049.0,91456.0,0.0,,0.0,118316.0
2017-02-01,Ontario,0.0,740352.0,3121167.0,0.0,6810519.0,93855.0,1280626.0
2017-02-01,Prince Edward Island,0.0,2198.0,0.0,0.0,,0.0,55597.0
2017-02-01,Quebec,0.0,222021.0,18533739.0,0.0,0.0,87.0,769962.0
2017-02-01,Saskatchewan,0.0,1670861.0,311877.0,0.0,,0.0,58215.0
2017-03-01,Alberta,0.0,6453281.0,136453.0,0.0,,109.0,426071.0
2017-03-01,British Columbia,0.0,553100.0,5497624.0,0.0,,0.0,168606.0
2017-03-01,Manitoba,0.0,13691.0,3340836.0,0.0,,0.0,95780.0
2017-03-01,New Brunswick,0.0,599375.0,159860.0,0.0,445094.0,0.0,79024.0
2017-03-01,Newfoundland and Labrador,0.0,266146.0,4497270.0,0.0,,0.0,19252.0
2017-03-01,Nova Scotia,0.0,769588.0,117440.0,0.0,,0.0,139480.0
2017-03-01,Ontario,0.0,887298.0,3515489.0,0.0,7351914.0,180450.0,1260700.0
2017-03-01,Prince Edward Island,0.0,1075.0,0.0,0.0,,0.0,62779.0
2017-03-01,Quebec,0.0,234837.0,20074102.0,0.0,0.0,116.0,648123.0
2017-03-01,Saskatchewan,0.0,1786404.0,362096.0,0.0,,0.0,68686.0
2017-04-01,Alberta,0.0,5606919.0,176015.0,0.0,,106.0,372829.0
2017-04-01,British Columbia,0.0,507958.0,4740312.0,0.0,,0.0,129500.0
2017-04-01,Manitoba,0.0,12175.0,3056482.0,0.0,,0.0,56393.0
2017-04-01,New Brunswick,0.0,394633.0,440411.0,0.0,104457.0,0.0,52096.0
2017-04-01,Newfoundland and Labrador,0.0,187920.0,2424743.0,0.0,,0.0,16073.0
2017-04-01,Nova Scotia,0.0,648591.0,97915.0,0.0,,0.0,101636.0
2017-04-01,Ontario,0.0,676291.0,3420127.0,0.0,6868248.0,192448.0,942638.0
2017-04-01,Prince Edward Island,0.0,696.0,0.0,0.0,,0.0,39589.0
2017-04-01,Quebec,0.0,219324.0,16353124.0,0.0,0.0,135.0,774634.0
2017-04-01,Saskatchewan,0.0,1433553.0,430415.0,0.0,,0.0,57888.0
2017-05-01,Alberta,0.0,5673695.0,204890.0,0.0,,153.0,361071.0
2017-05-01,British Columbia,0.0,495137.0,4769272.0,0.0,,0.0,118332.0
2017-05-01,Manitoba,0.0,10987.0,2654599.0,0.0,,0.0,60665.0
2017-05-01,New Brunswick,0.0,251772.0,448423.0,0.0,381727.0,0.0,68780.0
2017-05-01,Newfoundland and Labrador,0.0,176670.0,1902019.0,0.0,,0.0,15392.0
2017-05-01,Nova Scotia,0.0,534998.0,133048.0,0.0,,0.0,101390.0
2017-05-01,Ontario,0.0,704373.0,3647435.0,0.0,7043384.0,209758.0,700340.0
2017-05-01,Prince Edward Island,0.0,620.0,0.0,0.0,,0.0,49749.0
2017-05-01,Quebec,0.0,202532.0,15001678.0,0.0,0.0,154.0,872934.0
2017-05-01,Saskatchewan,0.0,1277171.0,518220.0,0.0,,0.0,58215.0
2017-06-01,Alberta,0.0,5367039.0,366920.0,0.0,,201.0,364247.0
2017-06-01,British Columbia,0.0,470408.0,4757497.0,0.0,,0.0,125968.0
2017-06-01,Manitoba,0.0,9218.0,3043852.0,0.0,,0.0,76542.0
2017-06-01,New Brunswick,0.0,112211.0,206166.0,0.0,473163.0,0.0,59351.0
2017-06-01,Newfoundland and Labrador,0.0,98590.0,2107840.0,0.0,,0.0,16078.0
2017-06-01,Nova Scotia,0.0,527803.0,89506.0,0.0,,0.0,100106.0
2017-06-01,Ontario,0.0,733858.0,3442074.0,0.0,7674082.0,230980.0,600873.0
2017-06-01,Prince Edward Island,0.0,460.0,0.0,0.0,,0.0,43713.0
2017-06-01,Quebec,0.0,187847.0,13894485.0,0.0,0.0,161.0,753018.0
2017-06-01,Saskatchewan,0.0,1249225.0,558153.0,0.0,,0.0,53987.0
2017-07-01,Alberta,0.0,6408119.0,261367.0,0.0,,225.0,256067.0
2017-07-01,British Columbia,0.0,490317.0,5411269.0,0.0,,0.0,102076.0
2017-07-01,Manitoba,0.0,10438.0,3150955.0,0.0,,0.0,59103.0
2017-07-01,New Brunswick,0.0,293232.0,146269.0,0.0,489785.0,0.0,43718.0
2017-07-01,Newfoundland and Labrador,0.0,78485.0,1964579.0,0.0,,0.0,11154.0
2017-07-01,Nova Scotia,0.0,584889.0,56649.0,0.0,,0.0,68883.0
2017-07-01,Ontario,0.0,850472.0,3275406.0,0.0,8330900.0,258681.0,417547.0
2017-07-01,Prince Edward Island,0.0,250.0,0.0,0.0,,0.0,28362.0
2017-07-01,Quebec,0.0,191937.0,15894097.0,0.0,0.0,171.0,616471.0
2017-07-01,Saskatchewan,0.0,1727865.0,282039.0,0.0,,0.0,41144.0
2017-08-01,Alberta,0.0,6480330.0,182821.0,0.0,,210.0,223845.0
2017-08-01,British Columbia,0.0,560058.0,5788968.0,0.0,,0.0,97331.0
2017-08-01,Manitoba,0.0,8431.0,3188950.0,0.0,,0.0,36638.0
2017-08-01,New Brunswick,0.0,367244.0,58592.0,0.0,431080.0,0.0,46597.0
2017-08-01,Newfoundland and Labrador,0.0,88033.0,2191296.0,0.0,,0.0,10546.0
2017-08-01,Nova Scotia,0.0,652676.0,39972.0,0.0,,0.0,70904.0
2017-08-01,Ontario,0.0,974247.0,3115977.0,0.0,7921070.0,261817.0,526197.0
2017-08-01,Prince Edward Island,0.0,423.0,0.0,0.0,,0.0,30713.0
2017-08-01,Quebec,0.0,202666.0,15667599.0,0.0,0.0,160.0,635242.0
2017-08-01,Saskatchewan,0.0,1820165.0,219823.0,0.0,,0.0,34734.0
2017-09-01,Alberta,0.0,5769172.0,158940.0,0.0,,174.0,283605.0
2017-09-01,British Columbia,0.0,455682.0,5368877.0,0.0,,0.0,111022.0
2017-09-01,Manitoba,0.0,15626.0,2794485.0,0.0,,0.0,60910.0
2017-09-01,New Brunswick,0.0,331299.0,76157.0,0.0,471234.0,0.0,51204.0
2017-09-01,Newfoundland and Labrador,0.0,87545.0,2242778.0,0.0,,0.0,12058.0
2017-09-01,Nova Scotia,0.0,559487.0,23624.0,0.0,,0.0,91489.0
2017-09-01,Ontario,0.0,1265350.0,2868947.0,0.0,7060359.0,248919.0,461995.0
2017-09-01,Prince Edward Island,0.0,299.0,0.0,0.0,,0.0,48888.0
2017-09-01,Quebec,0.0,182656.0,14810039.0,0.0,0.0,153.0,673590.0
2017-09-01,Saskatchewan,0.0,1679034.0,166415.0,0.0,,0.0,44378.0
2017-10-01,Alberta,0.0,5935010.0,115172.0,0.0,,152.0,554736.0
2017-10-01,British Columbia,0.0,569015.0,5159770.0,0.0,,0.0,148540.0
2017-10-01,Manitoba,0.0,12457.0,2590750.0,0.0,,0.0,110391.0
2017-10-01,New Brunswick,0.0,313388.0,133256.0,0.0,433626.0,0.0,95432.0
2017-10-01,Newfoundland and Labrador,0.0,144299.0,2402138.0,0.0,,0.0,13906.0
2017-10-01,Nova Scotia,0.0,497309.0,24164.0,0.0,,0.0,136754.0
2017-10-01,Ontario,0.0,584664.0,2865164.0,0.0,7498389.0,171479.0,924653.0
2017-10-01,Prince Edward Island,0.0,548.0,0.0,0.0,,0.0,59278.0
2017-10-01,Quebec,0.0,179048.0,13434052.0,0.0,0.0,106.0,1101370.0
2017-10-01,Saskatchewan,0.0,1683057.0,191452.0,0.0,,0.0,78815.0
2017-11-01,Alberta,0.0,6765439.0,96645.0,0.0,,135.0,512010.0
2017-11-01,British Columbia,0.0,562246.0,5504735.0,0.0,,0.0,129187.0
2017-11-01,Manitoba,0.0,20864.0,2661262.0,0.0,,0.0,109527.0
2017-11-01,New Brunswick,0.0,360801.0,352060.0,0.0,464633.0,0.0,89366.0
2017-11-01,Newfoundland and Labrador,0.0,232292.0,3685370.0,0.0,,0.0,18386.0
2017-11-01,Nova Scotia,0.0,615888.0,24327.0,0.0,,0.0,141923.0
2017-11-01,Ontario,0.0,811816.0,3226379.0,0.0,7480272.0,90020.0,1045223.0
2017-11-01,Prince Edward Island,0.0,1102.0,0.0,0.0,,0.0,62557.0
2017-11-01,Quebec,0.0,218198.0,16979807.0,0.0,0.0,64.0,1057667.0
2017-11-01,Saskatchewan,0.0,1869191.0,181284.0,0.0,,0.0,84842.0
2017-12-01,Alberta,0.0,7060838.0,95188.0,0.0,,175.0,465186.0
2017-12-01,British Columbia,0.0,579642.0,6694208.0,0.0,,0.0,151673.0
2017-12-01,Manitoba,0.0,14292.0,3096288.0,0.0,,0.0,95959.0
2017-12-01,New Brunswick,0.0,573629.0,204758.0,0.0,479715.0,0.0,87554.0
2017-12-01,Newfoundland and Labrador,0.0,284173.0,4495169.0,0.0,,0.0,18360.0
2017-12-01,Nova Scotia,0.0,867565.0,60210.0,0.0,,0.0,140601.0
2017-12-01,Ontario,0.0,1149986.0,3673107.0,0.0,8195290.0,51863.0,1068494.0
2017-12-01,Prince Edward Island,0.0,1115.0,0.0,0.0,,0.0,62050.0
2017-12-01,Quebec,0.0,237107.0,20849726.0,0.0,0.0,44.0,1109624.0
2017-12-01,Saskatchewan,0.0,1982113.0,280545.0,0.0,,0.0,93024.0
2018-01-01,Alberta,0.0,6526469.0,103695.0,0.0,,620.0,481948.0
2018-01-01,British Columbia,0.0,536339.0,5905363.0,0.0,,68.0,109544.0
2018-01-01,Manitoba,0.0,11765.0,2818358.0,0.0,,0.0,99578.0
2018-01-01,New Brunswick,0.0,809041.0,259786.0,0.0,491865.0,0.0,80581.0
2018-01-01,Newfoundland and Labrador,0.0,287328.0,4586629.0,0.0,,0.0,18987.0
2018-01-01,Nova Scotia,0.0,881677.0,103246.0,0.0,,0.0,123099.0
2018-01-01,Ontario,0.0,1411911.0,3579263.0,0.0,8012753.0,57282.0,1551780.0
2018-01-01,Prince Edward Island,0.0,1581.0,0.0,0.0,,0.0,65919.0
2018-01-01,Quebec,0.0,220870.0,21768608.0,0.0,0.0,63.0,1074755.0
2018-01-01,Saskatchewan,0.0,2044213.0,337450.0,0.0,,0.0,109789.0
2018-02-01,Alberta,0.0,5777573.0,102802.0,0.0,,1436.0,381701.0
2018-02-01,British Columbia,0.0,477409.0,5307636.0,0.0,,84.0,111226.0
2018-02-01,Manitoba,0.0,9863.0,2551756.0,0.0,,0.0,81161.0
2018-02-01,New Brunswick,0.0,536995.0,184767.0,0.0,445602.0,0.0,68429.0
2018-02-01,Newfoundland and Labrador,0.0,193406.0,4167783.0,0.0,,0.0,18549.0
2018-02-01,Nova Scotia,0.0,752654.0,106972.0,0.0,,0.0,109638.0
2018-02-01,Ontario,0.0,970140.0,3176001.0,0.0,6807599.0,82705.0,1151966.0
2018-02-01,Prince Edward Island,0.0,2127.0,0.0,0.0,,0.0,55165.0
2018-02-01,Quebec,0.0,202808.0,18334708.0,0.0,0.0,90.0,982936.0
2018-02-01,Saskatchewan,0.0,1952939.0,268548.0,0.0,,0.0,92247.0
2018-03-01,Alberta,0.0,6317675.0,109119.0,0.0,,2819.0,264855.0
2018-03-01,British Columbia,0.0,477374.0,5475802.0,0.0,,109.0,101237.0
2018-03-01,Manitoba,0.0,9658.0,2863142.0,0.0,,0.0,67557.0
2018-03-01,New Brunswick,0.0,485681.0,189312.0,0.0,494395.0,0.0,74906.0
2018-03-01,Newfoundland and Labrador,0.0,156539.0,4516594.0,0.0,,0.0,21103.0
2018-03-01,Nova Scotia,0.0,748951.0,94225.0,0.0,,0.0,118679.0
2018-03-01,Ontario,0.0,878687.0,3121381.0,0.0,7565383.0,179661.0,1115147.0
2018-03-01,Prince Edward Island,0.0,1926.0,0.0,0.0,,0.0,58715.0
2018-03-01,Quebec,0.0,210348.0,18369200.0,0.0,0.0,113.0,822628.0
2018-03-01,Saskatchewan,0.0,1826882.0,268207.0,0.0,,0.0,53862.0
2018-04-01,Alberta,0.0,5334406.0,129920.0,0.0,,2944.0,315217.0
2018-04-01,British Columbia,0.0,480987.0,4234580.0,0.0,,136.0,127336.0
2018-04-01,Manitoba,0.0,11915.0,2429199.0,0.0,,0.0,67484.0
2018-04-01,New Brunswick,0.0,399268.0,402714.0,0.0,90700.0,0.0,69393.0
2018-04-01,Newfoundland and Labrador,0.0,154036.0,3446076.0,0.0,,0.0,21742.0
2018-04-01,Nova Scotia,0.0,634249.0,110612.0,0.0,,0.0,106498.0
2018-04-01,Ontario,0.0,892664.0,2805590.0,0.0,6827111.0,190495.0,999782.0
2018-04-01,Prince Edward Island,0.0,1839.0,0.0,0.0,,0.0,59504.0
2018-04-01,Quebec,0.0,196843.0,16596715.0,0.0,0.0,134.0,877338.0
2018-04-01,Saskatchewan,0.0,1575996.0,262542.0,0.0,,0.0,41364.0
2018-05-01,Alberta,0.0,5323682.0,229431.0,0.0,,3293.0,295582.0
2018-05-01,British Columbia,0.0,430984.0,4536107.0,0.0,,183.0,120260.0
2018-05-01,Manitoba,0.0,11233.0,2534075.0,0.0,,0.0,58358.0
2018-05-01,New Brunswick,0.0,379361.0,433024.0,0.0,0.0,0.0,67839.0
2018-05-01,Newfoundland and Labrador,0.0,155417.0,2921288.0,0.0,,0.0,19871.0
2018-05-01,Nova Scotia,0.0,565732.0,106853.0,0.0,,0.0,93630.0
2018-05-01,Ontario,0.0,568814.0,3529145.0,0.0,7139208.0,273498.0,678721.0
2018-05-01,Prince Edward Island,0.0,2067.0,0.0,0.0,,0.0,49163.0
2018-05-01,Quebec,0.0,163272.0,14322901.0,0.0,0.0,187.0,944614.0
2018-05-01,Saskatchewan,0.0,1407454.0,532306.0,0.0,,0.0,51184.0
2018-06-01,Alberta,0.0,5101974.0,234825.0,0.0,,3206.0,343537.0
2018-06-01,British Columbia,0.0,375340.0,4607841.0,0.0,,200.0,104296.0
2018-06-01,Manitoba,0.0,6883.0,2458492.0,0.0,,0.0,53174.0
2018-06-01,New Brunswick,0.0,211430.0,160009.0,0.0,475678.0,0.0,58374.0
2018-06-01,Newfoundland and Labrador,0.0,76054.0,2525244.0,0.0,,0.0,14322.0
2018-06-01,Nova Scotia,0.0,541156.0,60778.0,0.0,,0.0,88735.0
2018-06-01,Ontario,0.0,910531.0,3256394.0,0.0,7183280.0,284602.0,703201.0
2018-06-01,Prince Edward Island,0.0,2092.0,0.0,0.0,,0.0,42794.0
2018-06-01,Quebec,0.0,164119.0,14224356.0,0.0,0.0,187.0,711900.0
2018-06-01,Saskatchewan,0.0,1457662.0,389004.0,0.0,,0.0,42229.0
2018-07-01,Alberta,0.0,6289361.0,300957.0,0.0,,3677.0,240091.0
2018-07-01,British Columbia,0.0,487936.0,5484785.0,0.0,,218.0,89414.0
2018-07-01,Manitoba,0.0,1530.0,2789305.0,0.0,,0.0,49540.0
2018-07-01,New Brunswick,0.0,400699.0,84271.0,0.0,485868.0,0.0,52142.0
2018-07-01,Newfoundland and Labrador,0.0,36286.0,2812476.0,0.0,,0.0,16171.0
2018-07-01,Nova Scotia,0.0,592452.0,55072.0,0.0,,0.0,74483.0
2018-07-01,Ontario,0.0,1952069.0,2893069.0,0.0,8026040.0,299072.0,527066.0
2018-07-01,Prince Edward Island,0.0,1891.0,0.0,0.0,,69.0,41960.0
2018-07-01,Quebec,0.0,192284.0,15516223.0,0.0,0.0,197.0,756313.0
2018-07-01,Saskatchewan,0.0,1664855.0,272284.0,0.0,,0.0,44218.0
2018-08-01,Alberta,0.0,6518944.0,243550.0,0.0,,2773.0,255374.0
2018-08-01,British Columbia,0.0,437205.0,5163032.0,0.0,,190.0,122447.0
2018-08-01,Manitoba,0.0,1854.0,2556547.0,0.0,,0.0,58188.0
2018-08-01,New Brunswick,0.0,409016.0,112824.0,0.0,479776.0,0.0,37210.0
2018-08-01,Newfoundland and Labrador,0.0,86484.0,2907772.0,0.0,,0.0,11866.0
2018-08-01,Nova Scotia,0.0,659069.0,22558.0,0.0,,0.0,58279.0
2018-08-01,Ontario,0.0,2011781.0,2675601.0,0.0,8000658.0,312312.0,571071.0
2018-08-01,Prince Edward Island,0.0,682.0,0.0,0.0,,63.0,30200.0
2018-08-01,Quebec,0.0,184683.0,15473579.0,0.0,0.0,164.0,553838.0
2018-08-01,Saskatchewan,0.0,1668527.0,236749.0,0.0,,0.0,36072.0
2018-09-01,Alberta,0.0,6201412.0,169452.0,0.0,,1898.0,189053.0
2018-09-01,British Columbia,0.0,472076.0,4376089.0,0.0,,175.0,104196.0
2018-09-01,Manitoba,0.0,1058.0,2119403.0,0.0,,0.0,68389.0
2018-09-01,New Brunswick,0.0,377794.0,57932.0,0.0,470177.0,0.0,56286.0
2018-09-01,Newfoundland and Labrador,0.0,89152.0,2615753.0,0.0,,0.0,13315.0
2018-09-01,Nova Scotia,0.0,587495.0,19942.0,0.0,,0.0,78158.0
2018-09-01,Ontario,0.0,1310788.0,2707305.0,0.0,7412429.0,213886.0,649764.0
2018-09-01,Prince Edward Island,0.0,1908.0,0.0,0.0,,56.0,42079.0
2018-09-01,Quebec,0.0,144488.0,13805134.0,0.0,0.0,167.0,827354.0
2018-09-01,Saskatchewan,0.0,1585027.0,211972.0,0.0,,0.0,45715.0
2018-10-01,Alberta,0.0,6207969.0,127016.0,0.0,,1740.0,362583.0
2018-10-01,British Columbia,0.0,436071.0,5210615.0,0.0,,117.0,159646.0
2018-10-01,Manitoba,0.0,6417.0,2209042.0,0.0,,0.0,80745.0
2018-10-01,New Brunswick,0.0,420573.0,122064.0,0.0,485202.0,0.0,85423.0
2018-10-01,Newfoundland and Labrador,0.0,106707.0,3001746.0,0.0,,0.0,15652.0
2018-10-01,Nova Scotia,0.0,612964.0,40027.0,0.0,,0.0,114178.0
2018-10-01,Ontario,0.0,551096.0,3145572.0,0.0,7847158.0,139716.0,940898.0
2018-10-01,Prince Edward Island,0.0,2273.0,0.0,0.0,,40.0,61505.0
2018-10-01,Quebec,0.0,136893.0,14709225.0,0.0,0.0,109.0,1001375.0
2018-10-01,Saskatchewan,0.0,1567470.0,247472.0,0.0,,0.0,62577.0
2018-11-01,Alberta,0.0,6498795.0,122492.0,0.0,,648.0,458391.0
2018-11-01,British Columbia,0.0,460917.0,4767222.0,0.0,,51.0,128846.0
2018-11-01,Manitoba,0.0,8214.0,2520798.0,0.0,,0.0,71633.0
2018-11-01,New Brunswick,0.0,440964.0,271479.0,0.0,470600.0,0.0,95997.0
2018-11-01,Newfoundland and Labrador,0.0,187973.0,3959421.0,0.0,,0.0,18270.0
2018-11-01,Nova Scotia,0.0,657608.0,92871.0,0.0,,0.0,123524.0
2018-11-01,Ontario,0.0,839900.0,3328991.0,0.0,7521960.0,82789.0,1199746.0
2018-11-01,Prince Edward Island,0.0,1418.0,0.0,0.0,,18.0,65966.0
2018-11-01,Quebec,0.0,196809.0,17742181.0,0.0,0.0,60.0,1087535.0
2018-11-01,Saskatchewan,0.0,1737918.0,227744.0,0.0,,0.0,38887.0
2018-12-01,Alberta,0.0,6860138.0,124332.0,0.0,,493.0,530891.0
2018-12-01,British Columbia,0.0,526740.0,5364967.0,0.0,,27.0,143913.0
2018-12-01,Manitoba,0.0,10582.0,2882066.0,0.0,,0.0,76971.0
2018-12-01,New Brunswick,0.0,533598.0,251368.0,0.0,492112.0,0.0,77774.0
2018-12-01,Newfoundland and Labrador,0.0,242513.0,4644322.0,0.0,,0.0,19330.0
2018-12-01,Nova Scotia,0.0,841619.0,108709.0,0.0,,0.0,103178.0
2018-12-01,Ontario,0.0,1054706.0,3469601.0,0.0,7811691.0,60574.0,1164611.0
2018-12-01,Prince Edward Island,0.0,669.0,0.0,0.0,,16.0,67850.0
2018-12-01,Quebec,0.0,198785.0,20144663.0,0.0,0.0,42.0,1000661.0
2018-12-01,Saskatchewan,0.0,1803403.0,292622.0,0.0,,0.0,76400.0
2019-01-01,Alberta,0.0,6768632.0,120432.0,0.0,,654.0,476447.0
2019-01-01,British Columbia,0.0,529572.0,5810637.0,0.0,,44.0,150996.0
2019-01-01,Manitoba,0.0,13395.0,2905647.0,0.0,,0.0,77109.0
2019-01-01,New Brunswick,0.0,679245.0,246124.0,0.0,490893.0,0.0,91195.0
2019-01-01,Newfoundland and Labrador,0.0,246042.0,4580511.0,0.0,,0.0,16670.0
2019-01-01,Nova Scotia,0.0,890311.0,109408.0,0.0,,0.0,99204.0
2019-01-01,Ontario,0.0,1294720.0,3553682.0,0.0,8058169.0,85011.0,1473624.0
2019-01-01,Prince Edward Island,0.0,678.0,0.0,0.0,,22.0,61148.0
2019-01-01,Quebec,0.0,212994.0,22271150.0,0.0,0.0,67.0,1207483.0
2019-01-01,Saskatchewan,0.0,1870434.0,364630.0,0.0,,0.0,79873.0
2019-02-01,Alberta,0.0,6808503.0,132223.0,0.0,,490.0,175972.0
2019-02-01,British Columbia,0.0,475389.0,6073142.0,0.0,,74.0,96122.0
2019-02-01,Manitoba,0.0,10548.0,2554253.0,0.0,,0.0,75374.0
2019-02-01,New Brunswick,0.0,497867.0,175382.0,0.0,440178.0,0.0,104464.0
2019-02-01,Newfoundland and Labrador,0.0,244515.0,4202498.0,0.0,,0.0,18832.0
2019-02-01,Nova Scotia,0.0,798250.0,96675.0,0.0,,0.0,106172.0
2019-02-01,Ontario,0.0,1595305.0,3324647.0,0.0,6320260.0,100887.0,1295761.0
2019-02-01,Prince Edward Island,0.0,491.0,0.0,0.0,,40.0,75173.0
2019-02-01,Quebec,0.0,172568.0,19544202.0,0.0,0.0,60.0,1149198.0
2019-02-01,Saskatchewan,0.0,1777133.0,312693.0,0.0,,0.0,43795.0
2019-03-01,Alberta,0.0,6951536.0,111235.0,0.0,,2154.0,256832.0
2019-03-01,British Columbia,0.0,659070.0,4111299.0,0.0,,108.0,110395.0
2019-03-01,Manitoba,0.0,9826.0,2847818.0,0.0,,0.0,89274.0
2019-03-01,New Brunswick,0.0,491897.0,178660.0,0.0,488974.0,0.0,91195.0
2019-03-01,Newfoundland and Labrador,0.0,175292.0,4518574.0,0.0,,0.0,18088.0
2019-03-01,Nova Scotia,0.0,801075.0,87293.0,0.0,,0.0,117096.0
2019-03-01,Ontario,0.0,1639129.0,3371297.0,0.0,6547644.0,211518.0,1390663.0
2019-03-01,Prince Edward Island,0.0,542.0,0.0,0.0,,59.0,65627.0
2019-03-01,Quebec,0.0,192170.0,18986882.0,0.0,0.0,120.0,1276789.0
2019-03-01,Saskatchewan,0.0,1766239.0,241217.0,0.0,,0.0,84734.0
2019-04-01,Alberta,0.0,5858124.0,119021.0,0.0,,2858.0,383248.0
2019-04-01,British Columbia,0.0,620479.0,3271965.0,0.0,,137.0,125657.0
2019-04-01,Manitoba,0.0,10768.0,2503617.0,0.0,,0.0,76380.0
2019-04-01,New Brunswick,0.0,320143.0,440765.0,0.0,72783.0,0.0,85530.0
2019-04-01,Newfoundland and Labrador,0.0,103527.0,3475909.0,0.0,,0.0,18187.0
2019-04-01,Nova Scotia,0.0,569245.0,128977.0,0.0,,0.0,121553.0
2019-04-01,Ontario,0.0,690547.0,3347382.0,0.0,6580608.0,234108.0,1107725.0
2019-04-01,Prince Edward Island,0.0,524.0,0.0,0.0,,49.0,62315.0
2019-04-01,Quebec,0.0,158970.0,15661877.0,0.0,0.0,127.0,1092470.0
2019-04-01,Saskatchewan,0.0,1422817.0,372852.0,0.0,,0.0,68364.0
2019-05-01,Alberta,0.0,5622565.0,215614.0,0.0,,3065.0,226720.0
2019-05-01,British Columbia,0.0,527199.0,4138663.0,0.0,,163.0,63879.0
2019-05-01,Manitoba,0.0,8270.0,2736533.0,0.0,,0.0,77221.0
2019-05-01,New Brunswick,0.0,266792.0,516075.0,0.0,260174.0,0.0,62083.0
2019-05-01,Newfoundland and Labrador,0.0,115376.0,2778054.0,0.0,,0.0,14503.0
2019-05-01,Nova Scotia,0.0,513588.0,121955.0,0.0,,0.0,81160.0
2019-05-01,Ontario,0.0,599995.0,3886600.0,0.0,6981971.0,279010.0,708633.0
2019-05-01,Prince Edward Island,0.0,658.0,0.0,0.0,,61.0,46274.0
2019-05-01,Quebec,0.0,123172.0,13938603.0,0.0,0.0,142.0,708098.0
2019-05-01,Saskatchewan,0.0,1571325.0,274473.0,0.0,,0.0,53552.0
2019-06-01,Alberta,0.0,5464556.0,385525.0,0.0,,3259.0,296059.0
2019-06-01,British Columbia,0.0,464308.0,3923587.0,0.0,,190.0,131779.0
2019-06-01,Manitoba,0.0,3503.0,2589572.0,0.0,,0.0,58341.0
2019-06-01,New Brunswick,0.0,118242.0,253987.0,0.0,477443.0,0.0,48488.0
2019-06-01,Newfoundland and Labrador,0.0,60492.0,1995471.0,0.0,,0.0,9811.0
2019-06-01,Nova Scotia,0.0,438773.0,99949.0,0.0,,0.0,75319.0
2019-06-01,Ontario,0.0,463562.0,3457062.0,0.0,8136662.0,312080.0,435057.0
2019-06-01,Prince Edward Island,0.0,371.0,0.0,0.0,,65.0,37104.0
2019-06-01,Quebec,0.0,157559.0,13554895.0,0.0,0.0,168.0,719042.0
2019-06-01,Saskatchewan,0.0,1486052.0,271466.0,0.0,,0.0,52798.0
2019-07-01,Alberta,0.0,6161884.0,438459.0,0.0,,3104.0,245044.0
2019-07-01,British Columbia,0.0,620001.0,3782040.0,0.0,,210.0,117363.0
2019-07-01,Manitoba,0.0,8038.0,2707028.0,0.0,,0.0,57971.0
2019-07-01,New Brunswick,0.0,436792.0,148942.0,0.0,362281.0,0.0,50208.0
2019-07-01,Newfoundland and Labrador,0.0,32869.0,2557378.0,0.0,,0.0,7960.0
2019-07-01,Nova Scotia,0.0,553174.0,87261.0,0.0,,0.0,61531.0
2019-07-01,Ontario,0.0,2071012.0,3100245.0,0.0,8486200.0,335084.0,531493.0
2019-07-01,Prince Edward Island,0.0,392.0,0.0,0.0,,73.0,28107.0
2019-07-01,Quebec,0.0,162994.0,15749542.0,0.0,0.0,187.0,652796.0
2019-07-01,Saskatchewan,0.0,1520957.0,426796.0,0.0,,0.0,50150.0
2019-08-01,Alberta,0.0,5966368.0,273351.0,0.0,,2897.0,216197.0
2019-08-01,British Columbia,0.0,650709.0,4271766.0,0.0,,206.0,113455.0
2019-08-01,Manitoba,0.0,3581.0,2777460.0,0.0,,0.0,63029.0
2019-08-01,New Brunswick,0.0,334698.0,102360.0,0.0,489549.0,0.0,30177.0
2019-08-01,Newfoundland and Labrador,0.0,24859.0,2676245.0,0.0,,0.0,8279.0
2019-08-01,Nova Scotia,0.0,611571.0,30462.0,0.0,,0.0,63000.0
2019-08-01,Ontario,0.0,1398504.0,2596824.0,0.0,8528289.0,309777.0,523252.0
2019-08-01,Prince Edward Island,0.0,401.0,0.0,0.0,,67.0,31094.0
2019-08-01,Quebec,0.0,179408.0,15096660.0,0.0,0.0,173.0,660786.0
2019-08-01,Saskatchewan,0.0,1631215.0,313641.0,0.0,,0.0,55265.0
2019-09-01,Alberta,0.0,5956221.0,267883.0,0.0,,1992.0,313647.0
2019-09-01,British Columbia,0.0,505898.0,3905103.0,0.0,,170.0,119932.0
2019-09-01,Manitoba,0.0,7714.0,2706339.0,0.0,,0.0,64114.0
2019-09-01,New Brunswick,0.0,341947.0,119377.0,0.0,473096.0,0.0,64376.0
2019-09-01,Newfoundland and Labrador,0.0,99913.0,2418041.0,0.0,,0.0,14121.0
2019-09-01,Nova Scotia,0.0,477968.0,39973.0,0.0,,0.0,73620.0
2019-09-01,Ontario,0.0,841788.0,2465731.0,0.0,7727128.0,239363.0,659654.0
2019-09-01,Prince Edward Island,0.0,342.0,0.0,0.0,,53.0,38956.0
2019-09-01,Quebec,0.0,164693.0,13696188.0,0.0,0.0,132.0,845243.0
2019-09-01,Saskatchewan,0.0,1603914.0,238270.0,0.0,,0.0,53343.0
2019-10-01,Alberta,0.0,6335438.0,168092.0,0.0,,1705.0,509060.0
2019-10-01,British Columbia,0.0,411967.0,4841417.0,0.0,,112.0,163672.0
2019-10-01,Manitoba,0.0,10882.0,2493915.0,0.0,,0.0,92688.0
2019-10-01,New Brunswick,0.0,310352.0,192293.0,0.0,490128.0,0.0,61371.0
2019-10-01,Newfoundland and Labrador,0.0,217626.0,2867458.0,0.0,,0.0,16249.0
2019-10-01,Nova Scotia,0.0,559825.0,38781.0,0.0,,0.0,88547.0
2019-10-01,Ontario,0.0,592717.0,2790599.0,0.0,7905347.0,151452.0,812601.0
2019-10-01,Prince Edward Island,0.0,357.0,0.0,0.0,,38.0,42504.0
2019-10-01,Quebec,0.0,145003.0,13340800.0,0.0,0.0,104.0,875713.0
2019-10-01,Saskatchewan,0.0,1752100.0,253918.0,0.0,,0.0,82258.0
2019-11-01,Alberta,0.0,6369992.0,151649.0,0.0,,630.0,443369.0
2019-11-01,British Columbia,0.0,504634.0,5550398.0,0.0,,58.0,184522.0
2019-11-01,Manitoba,0.0,10065.0,2866894.0,0.0,,2.0,72825.0
2019-11-01,New Brunswick,0.0,385656.0,325492.0,0.0,476626.0,0.0,92931.0
2019-11-01,Newfoundland and Labrador,0.0,186643.0,4093578.0,0.0,,0.0,21362.0
2019-11-01,Nova Scotia,0.0,634074.0,60652.0,0.0,,0.0,99191.0
2019-11-01,Ontario,0.0,1236264.0,3169729.0,0.0,7149872.0,95171.0,1151042.0
2019-11-01,Prince Edward Island,0.0,550.0,0.0,0.0,,22.0,77391.0
2019-11-01,Quebec,0.0,148121.0,17356964.0,0.0,0.0,51.0,996089.0
2019-11-01,Saskatchewan,0.0,1747665.0,285722.0,0.0,,0.0,69625.0
2019-12-01,Alberta,0.0,6657620.0,159571.0,0.0,,441.0,494105.0
2019-12-01,British Columbia,0.0,543388.0,6256036.0,0.0,,32.0,125326.0
2019-12-01,Manitoba,0.0,9586.0,3245814.0,0.0,,2.0,82472.0
2019-12-01,New Brunswick,0.0,457088.0,303317.0,0.0,493553.0,0.0,96946.0
2019-12-01,Newfoundland and Labrador,0.0,206547.0,4577001.0,0.0,,0.0,17874.0
2019-12-01,Nova Scotia,0.0,760711.0,135697.0,0.0,,0.0,104338.0
2019-12-01,Ontario,0.0,1170654.0,3258580.0,0.0,8031428.0,69419.0,1391383.0
2019-12-01,Prince Edward Island,0.0,556.0,0.0,0.0,,17.0,80798.0
2019-12-01,Quebec,0.0,183800.0,19632080.0,0.0,0.0,48.0,1125858.0
2019-12-01,Saskatchewan,0.0,1827901.0,310436.0,0.0,,4.0,77617.0
2020-01-01,Alberta,164699.0,6407865.0,138165.0,6243166.0,,576.0,471870.0
2020-01-01,British Columbia,390964.0,566665.0,5628653.0,175701.0,,54.0,93616.0
2020-01-01,Manitoba,10098.0,13108.0,3318325.0,3010.0,,1.0,72076.0
2020-01-01,New Brunswick,39019.0,453853.0,205824.0,414834.0,495095.0,0.0,62459.0
2020-01-01,Newfoundland and Labrador,4805.0,218012.0,4611538.0,213207.0,,0.0,12509.0
2020-01-01,Nova Scotia,25337.0,887783.0,105119.0,862446.0,,0.0,75365.0
2020-01-01,Ontario,105280.0,1255227.0,3473891.0,1149947.0,8403186.0,68873.0,1304558.0
2020-01-01,Prince Edward Island,317.0,511.0,0.0,194.0,,13.0,61799.0
2020-01-01,Quebec,112604.0,182071.0,20853994.0,69467.0,0.0,41.0,625776.0
2020-01-01,Saskatchewan,593.0,1978077.0,390591.0,1977484.0,,3.0,86353.0
2020-02-01,Alberta,148639.0,5988859.0,106008.0,5840220.0,,1397.0,487479.0
2020-02-01,British Columbia,340758.0,498841.0,5081034.0,158083.0,,79.0,199098.0
2020-02-01,Manitoba,8024.0,10155.0,3114978.0,2131.0,,3.0,84117.0
2020-02-01,New Brunswick,52172.0,452435.0,139334.0,400263.0,464181.0,0.0,82623.0
2020-02-01,Newfoundland and Labrador,3742.0,242771.0,4259702.0,239029.0,,0.0,14789.0
2020-02-01,Nova Scotia,15140.0,789291.0,89289.0,774151.0,,0.0,76218.0
2020-02-01,Ontario,98747.0,1093680.0,3314715.0,994933.0,6974406.0,119904.0,1492047.0
2020-02-01,Prince Edward Island,292.0,463.0,0.0,171.0,,36.0,59798.0
2020-02-01,Quebec,99432.0,174362.0,19645004.0,74930.0,0.0,79.0,961173.0
2020-02-01,Saskatchewan,792.0,1712416.0,364780.0,1711624.0,,8.0,81183.0
2020-03-01,Alberta,145582.0,6063848.0,100560.0,5918266.0,,2106.0,413205.0
2020-03-01,British Columbia,386095.0,547172.0,5670347.0,161077.0,,102.0,163391.0
2020-03-01,Manitoba,8060.0,10214.0,3350710.0,2154.0,,9.0,96468.0
2020-03-01,New Brunswick,56835.0,381843.0,190011.0,325008.0,491967.0,0.0,90948.0
2020-03-01,Newfoundland and Labrador,4062.0,217990.0,4451540.0,213928.0,,0.0,18048.0
2020-03-01,Nova Scotia,20875.0,734338.0,89935.0,713463.0,,0.0,94047.0
2020-03-01,Ontario,106241.0,883497.0,3387499.0,777256.0,7446767.0,212558.0,1380864.0
2020-03-01,Prince Edward Island,344.0,507.0,0.0,163.0,,48.0,71119.0
2020-03-01,Quebec,99543.0,176288.0,17646198.0,76745.0,0.0,108.0,972006.0
2020-03-01,Saskatchewan,888.0,1727260.0,355586.0,1726372.0,,8.0,80884.0
2020-04-01,Alberta,143444.0,5437114.0,121140.0,5293670.0,,2527.0,349834.0
2020-04-01,British Columbia,381182.0,518689.0,4387224.0,137507.0,,140.0,191208.0
2020-04-01,Manitoba,9691.0,12254.0,2738786.0,2563.0,,16.0,72204.0
2020-04-01,New Brunswick,58688.0,155544.0,518035.0,96856.0,477901.0,0.0,85932.0
2020-04-01,Newfoundland and Labrador,3351.0,98990.0,3350244.0,95639.0,,0.0,16478.0
2020-04-01,Nova Scotia,14780.0,495056.0,104893.0,480276.0,,0.0,86459.0
2020-04-01,Ontario,89801.0,457524.0,3209776.0,367723.0,7060822.0,240585.0,1085967.0
2020-04-01,Prince Edward Island,400.0,498.0,0.0,98.0,,67.0,56009.0
2020-04-01,Quebec,94977.0,157980.0,14295533.0,63003.0,0.0,144.0,1028387.0
2020-04-01,Saskatchewan,934.0,1478308.0,288918.0,1477374.0,,0.0,75156.0
2020-05-01,Alberta,135423.0,4636730.0,220231.0,4501307.0,,2988.0,344656.0
2020-05-01,British Columbia,266869.0,387194.0,4666012.0,120325.0,,218.0,215163.0
2020-05-01,Manitoba,6836.0,8564.0,2893333.0,1728.0,,29.0,87439.0
2020-05-01,New Brunswick,48064.0,113990.0,510862.0,65926.0,493408.0,0.0,83744.0
2020-05-01,Newfoundland and Labrador,3288.0,99318.0,2417970.0,96030.0,,0.0,17813.0
2020-05-01,Nova Scotia,4800.0,432053.0,96091.0,427253.0,,0.0,90560.0
2020-05-01,Ontario,110352.0,664247.0,3412556.0,553895.0,6987629.0,285171.0,994600.0
2020-05-01,Prince Edward Island,424.0,499.0,0.0,75.0,,69.0,59824.0
2020-05-01,Quebec,95163.0,160741.0,13642758.0,65578.0,0.0,165.0,876151.0
2020-05-01,Saskatchewan,657.0,1261088.0,536451.0,1260431.0,,0.0,29292.0
2020-06-01,Alberta,133665.0,4985448.0,386991.0,4851783.0,,3225.0,366659.0
2020-06-01,British Columbia,287606.0,408399.0,4469389.0,120793.0,,243.0,256782.0
2020-06-01,Manitoba,5893.0,7449.0,2920666.0,1556.0,,10.0,82948.0
2020-06-01,New Brunswick,41875.0,94308.0,150432.0,52433.0,474947.0,0.0,51264.0
2020-06-01,Newfoundland and Labrador,2268.0,63282.0,2258407.0,61014.0,,0.0,9959.0
2020-06-01,Nova Scotia,26734.0,484883.0,50232.0,458149.0,,0.0,60317.0
2020-06-01,Ontario,92204.0,1008240.0,3483971.0,916036.0,7479726.0,330808.0,693531.0
2020-06-01,Prince Edward Island,300.0,339.0,0.0,39.0,,68.0,40458.0
2020-06-01,Quebec,74779.0,139911.0,13943100.0,65132.0,0.0,194.0,683146.0
2020-06-01,Saskatchewan,1250.0,1205989.0,538871.0,1204739.0,,0.0,57879.0
2020-07-01,Alberta,129537.0,5057221.0,440949.0,4927684.0,,3619.0,298975.0
2020-07-01,British Columbia,256815.0,358363.0,5503325.0,101548.0,,265.0,275176.0
2020-07-01,Manitoba,6207.0,8243.0,3323106.0,2036.0,,10.0,62269.0
2020-07-01,New Brunswick,45427.0,151605.0,72921.0,106178.0,491827.0,0.0,37839.0
2020-07-01,Newfoundland and Labrador,2695.0,39986.0,2211840.0,37291.0,,0.0,8656.0
2020-07-01,Nova Scotia,31080.0,616373.0,39126.0,585293.0,,0.0,42039.0
2020-07-01,Ontario,97547.0,2242564.0,3499122.0,2145017.0,8565439.0,340383.0,541831.0
2020-07-01,Prince Edward Island,326.0,359.0,0.0,33.0,,66.0,24966.0
2020-07-01,Quebec,109519.0,185252.0,15634267.0,75733.0,0.0,184.0,532464.0
2020-07-01,Saskatchewan,1159.0,1477655.0,528900.0,1476496.0,,8.0,52703.0
2020-08-01,Alberta,123542.0,5522706.0,290546.0,5399164.0,,3454.0,309795.0
2020-08-01,British Columbia,359194.0,466087.0,6096643.0,106893.0,,230.0,378562.0
2020-08-01,Manitoba,4898.0,6637.0,3295149.0,1739.0,,23.0,54771.0
2020-08-01,New Brunswick,45654.0,262874.0,45793.0,217220.0,484754.0,0.0,60179.0
2020-08-01,Newfoundland and Labrador,2007.0,38143.0,2135858.0,36136.0,,0.0,11725.0
2020-08-01,Nova Scotia,36090.0,608645.0,15646.0,572555.0,,0.0,57681.0
2020-08-01,Ontario,96680.0,1859467.0,2821456.0,1762787.0,7713551.0,292761.0,609401.0
2020-08-01,Prince Edward Island,291.0,333.0,0.0,42.0,,70.0,39627.0
2020-08-01,Quebec,110109.0,175701.0,14528763.0,65592.0,0.0,166.0,792327.0
2020-08-01,Saskatchewan,1100.0,1627546.0,366342.0,1626446.0,,0.0,23466.0
2020-09-01,Alberta,115560.0,5569188.0,194545.0,5453628.0,,2730.0,344593.0
2020-09-01,British Columbia,376233.0,474675.0,4544210.0,98442.0,,191.0,279799.0
2020-09-01,Manitoba,6288.0,7795.0,2822941.0,1507.0,,180.0,81459.0
2020-09-01,New Brunswick,42388.0,371087.0,42900.0,328699.0,54804.0,0.0,77429.0
2020-09-01,Newfoundland and Labrador,2723.0,40830.0,2200636.0,38107.0,,0.0,15270.0
2020-09-01,Nova Scotia,31134.0,555531.0,18318.0,524397.0,,0.0,72452.0
2020-09-01,Ontario,98026.0,901599.0,2725843.0,803573.0,6647669.0,266520.0,907150.0
2020-09-01,Prince Edward Island,265.0,398.0,0.0,133.0,,56.0,41370.0
2020-09-01,Quebec,98604.0,174176.0,13353412.0,75572.0,0.0,139.0,1006658.0
2020-09-01,Saskatchewan,1350.0,1475001.0,243576.0,1473651.0,,0.0,73242.0
2020-10-01,Alberta,135374.0,5818587.0,162931.0,5683213.0,,1409.0,465677.0
2020-10-01,British Columbia,365531.0,487247.0,5171686.0,121716.0,,114.0,248920.0
2020-10-01,Manitoba,4560.0,5637.0,2767109.0,1077.0,,79.0,85116.0
2020-10-01,New Brunswick,36396.0,443434.0,248102.0,407038.0,0.0,0.0,81945.0
2020-10-01,Newfoundland and Labrador,2334.0,108497.0,2707292.0,106163.0,,0.0,13906.0
2020-10-01,Nova Scotia,15010.0,568161.0,23118.0,553151.0,,0.0,79941.0
2020-10-01,Ontario,109833.0,837773.0,3068202.0,727940.0,6955185.0,169807.0,912652.0
2020-10-01,Prince Edward Island,362.0,448.0,0.0,86.0,,42.0,52292.0
2020-10-01,Quebec,85417.0,147839.0,15056894.0,62422.0,0.0,84.0,1063936.0
2020-10-01,Saskatchewan,1406.0,1648000.0,242672.0,1646594.0,,0.0,79911.0
2020-11-01,Alberta,136718.0,6017432.0,136841.0,5880714.0,,712.0,747766.0
2020-11-01,British Columbia,358587.0,506077.0,5868136.0,147490.0,,78.0,366409.0
2020-11-01,Manitoba,5526.0,8271.0,2569247.0,2745.0,,34.0,92777.0
2020-11-01,New Brunswick,43319.0,483352.0,257418.0,440033.0,376564.0,0.0,96370.0
2020-11-01,Newfoundland and Labrador,2842.0,163096.0,3349963.0,160254.0,,0.0,20042.0
2020-11-01,Nova Scotia,8421.0,596482.0,38000.0,588061.0,,0.0,87612.0
2020-11-01,Ontario,89683.0,666441.0,3176750.0,576758.0,6787649.0,139018.0,1315766.0
2020-11-01,Prince Edward Island,429.0,630.0,0.0,201.0,,24.0,66579.0
2020-11-01,Quebec,96294.0,168090.0,15737568.0,71796.0,0.0,78.0,1210020.0
2020-11-01,Saskatchewan,932.0,1743426.0,264059.0,1742494.0,,0.0,84657.0
2020-12-01,Alberta,156042.0,6165806.0,135429.0,6009764.0,,1601.0,685156.0
2020-12-01,British Columbia,364235.0,521755.0,6776649.0,157520.0,,56.0,346491.0
2020-12-01,Manitoba,7877.0,10605.0,3056068.0,2728.0,,25.0,86724.0
2020-12-01,New Brunswick,60470.0,425590.0,389463.0,365120.0,489635.0,0.0,85128.0
2020-12-01,Newfoundland and Labrador,2120.0,175196.0,4369072.0,173076.0,,0.0,19261.0
2020-12-01,Nova Scotia,27097.0,657691.0,84350.0,630594.0,,0.0,87696.0
2020-12-01,Ontario,120575.0,1321468.0,3448917.0,1200893.0,6834743.0,72273.0,1459928.0
2020-12-01,Prince Edward Island,352.0,501.0,0.0,149.0,,14.0,70291.0
2020-12-01,Quebec,109790.0,183292.0,19813048.0,73502.0,0.0,45.0,1084941.0
2020-12-01,Saskatchewan,1090.0,1851392.0,302494.0,1850302.0,,0.0,95090.0
2021-01-01,Alberta,166933.0,5471402.0,127933.0,5304469.0,,762.0,656480.0
2021-01-01,British Columbia,370148.0,534332.0,6298763.0,164184.0,,58.0,285972.0
2021-01-01,Manitoba,9926.0,13141.0,3151123.0,3215.0,,26.0,70954.0
2021-01-01,New Brunswick,55656.0,530449.0,245830.0,474793.0,244926.0,0.0,47128.0
2021-01-01,Newfoundland and Labrador,3405.0,166458.0,4521840.0,163053.0,,0.0,17327.0
2021-01-01,Nova Scotia,31824.0,819820.0,88301.0,787996.0,,0.0,72587.0
2021-01-01,Ontario,101423.0,1281588.0,3556575.0,1180165.0,7392265.0,87593.0,988001.0
2021-01-01,Prince Edward Island,334.0,743.0,0.0,409.0,,14.0,62035.0
2021-01-01,Quebec,108763.0,184608.0,21682938.0,75845.0,0.0,51.0,699044.0
2021-01-01,Saskatchewan,1292.0,1852913.0,324945.0,1851621.0,,0.0,92938.0
2021-02-01,Alberta,155475.0,5431536.0,131485.0,5276061.0,,921.0,462047.0
2021-02-01,British Columbia,317414.0,487106.0,5879268.0,169692.0,,92.0,277262.0
2021-02-01,Manitoba,7161.0,9822.0,2623649.0,2661.0,,14.0,73816.0
2021-02-01,New Brunswick,52197.0,753044.0,124093.0,700847.0,14242.0,0.0,74899.0
2021-02-01,Newfoundland and Labrador,3054.0,181240.0,4063778.0,178186.0,,0.0,18535.0
2021-02-01,Nova Scotia,27646.0,770566.0,75196.0,742920.0,,0.0,79889.0
2021-02-01,Ontario,100413.0,1647344.0,3211871.0,1546931.0,6089588.0,141250.0,1201735.0
2021-02-01,Prince Edward Island,257.0,416.0,0.0,159.0,,37.0,55473.0
2021-02-01,Quebec,101731.0,171821.0,19921156.0,70090.0,0.0,68.0,798901.0
2021-02-01,Saskatchewan,948.0,1836647.0,318831.0,1835699.0,,0.0,82601.0
2021-03-01,Alberta,164091.0,5186230.0,139332.0,5022139.0,,6403.0,723951.0
2021-03-01,British Columbia,362172.0,514489.0,5951480.0,152317.0,,434.0,214418.0
2021-03-01,Manitoba,7798.0,10170.0,2840772.0,2372.0,,238.0,93614.0
2021-03-01,New Brunswick,56008.0,384362.0,212720.0,328354.0,489303.0,0.0,110614.0
2021-03-01,Newfoundland and Labrador,3220.0,183929.0,4375716.0,180709.0,,0.0,18218.0
2021-03-01,Nova Scotia,27031.0,717234.0,82365.0,690203.0,,0.0,134192.0
2021-03-01,Ontario,102954.0,966898.0,3230319.0,863944.0,6114832.0,258000.0,1541758.0
2021-03-01,Prince Edward Island,315.0,481.0,0.0,166.0,,55.0,63590.0
2021-03-01,Quebec,112615.0,185392.0,18208591.0,72777.0,0.0,113.0,1416218.0
2021-03-01,Saskatchewan,1513.0,1720698.0,321178.0,1719185.0,,0.0,82219.0
2021-04-01,Alberta,132504.0,4727804.0,144460.0,4595300.0,,12005.0,592289.0
2021-04-01,British Columbia,393650.0,620302.0,4914025.0,226652.0,,535.0,139362.0
2021-04-01,Manitoba,8510.0,11002.0,2527216.0,2492.0,,246.0,94165.0
2021-04-01,New Brunswick,35208.0,317240.0,498891.0,282032.0,259405.0,0.0,74705.0
2021-04-01,Newfoundland and Labrador,2437.0,131434.0,3300828.0,128997.0,,0.0,18308.0
2021-04-01,Nova Scotia,26003.0,446157.0,120135.0,420154.0,,0.0,115478.0
2021-04-01,Ontario,110049.0,421924.0,2927633.0,311875.0,6655444.0,278694.0,1055442.0
2021-04-01,Prince Edward Island,372.0,491.0,0.0,119.0,,51.0,53908.0
2021-04-01,Quebec,100240.0,170203.0,15047779.0,69963.0,0.0,135.0,768921.0
2021-04-01,Saskatchewan,1077.0,1635661.0,271234.0,1634584.0,,0.0,66124.0
2021-05-01,Alberta,140303.0,5014675.0,189323.0,4874372.0,,34131.0,425407.0
2021-05-01,British Columbia,309072.0,454773.0,4888014.0,145701.0,,688.0,116836.0
2021-05-01,Manitoba,5814.0,7802.0,2777733.0,1988.0,,295.0,83669.0
2021-05-01,New Brunswick,41536.0,112127.0,343735.0,70591.0,492195.0,0.0,65028.0
2021-05-01,Newfoundland and Labrador,3347.0,79577.0,2938348.0,76230.0,,0.0,17453.0
2021-05-01,Nova Scotia,28448.0,468761.0,90151.0,440313.0,,0.0,96494.0
2021-05-01,Ontario,100360.0,604589.0,2983190.0,504229.0,7064109.0,293817.0,823039.0
2021-05-01,Prince Edward Island,402.0,444.0,0.0,42.0,,69.0,50461.0
2021-05-01,Quebec,91438.0,167872.0,14495388.0,76434.0,0.0,145.0,851275.0
2021-05-01,Saskatchewan,848.0,1663087.0,234236.0,1662239.0,,0.0,61947.0
2021-06-01,Alberta,150689.0,5444537.0,229282.0,5293848.0,,38679.0,385384.0
2021-06-01,British Columbia,315170.0,423720.0,5087141.0,108550.0,,491.0,121258.0
2021-06-01,Manitoba,5848.0,7474.0,2675702.0,1626.0,,291.0,65321.0
2021-06-01,New Brunswick,57311.0,229849.0,163213.0,172538.0,473860.0,0.0,53984.0
2021-06-01,Newfoundland and Labrador,2390.0,41885.0,2508251.0,39495.0,,0.0,12938.0
2021-06-01,Nova Scotia,29504.0,435282.0,63984.0,405778.0,,0.0,96295.0
2021-06-01,Ontario,110617.0,1499528.0,2469329.0,1388911.0,7433375.0,260921.0,957185.0
2021-06-01,Prince Edward Island,264.0,384.0,0.0,120.0,,71.0,44817.0
2021-06-01,Quebec,86053.0,148540.0,14639422.0,62487.0,0.0,156.0,845419.0
2021-06-01,Saskatchewan,1030.0,1654486.0,247145.0,1653456.0,,0.0,59486.0
2021-07-01,Alberta,153875.0,5490628.0,259238.0,5336753.0,,35595.0,244833.0
2021-07-01,British Columbia,299880.0,546314.0,5317466.0,246434.0,,559.0,95927.0
2021-07-01,Manitoba,6177.0,7970.0,2316154.0,1793.0,,310.0,50839.0
2021-07-01,New Brunswick,53926.0,245577.0,123047.0,191651.0,476437.0,0.0,42502.0
2021-07-01,Newfoundland and Labrador,2682.0,16859.0,2477457.0,14177.0,,0.0,11968.0
2021-07-01,Nova Scotia,34524.0,569685.0,30310.0,535161.0,,0.0,68030.0
2021-07-01,Ontario,105357.0,1269420.0,2977221.0,1164063.0,7739602.0,243746.0,698837.0
2021-07-01,Prince Edward Island,236.0,268.0,0.0,32.0,,59.0,32105.0
2021-07-01,Quebec,114336.0,176049.0,15573159.0,61713.0,0.0,1340.0,661632.0
2021-07-01,Saskatchewan,1185.0,1772985.0,212119.0,1771800.0,,231.0,41888.0
2021-08-01,Alberta,144748.0,5685659.0,250880.0,5540911.0,,30852.0,410735.0
2021-08-01,British Columbia,365414.0,634277.0,4267340.0,268863.0,,446.0,121321.0
2021-08-01,Manitoba,1668.0,4419.0,1783169.0,2751.0,,346.0,62767.0
2021-08-01,New Brunswick,52910.0,246846.0,66982.0,193936.0,481464.0,0.0,40254.0
2021-08-01,Newfoundland and Labrador,2149.0,30081.0,2457828.0,27932.0,,0.0,5349.0
2021-08-01,Nova Scotia,30847.0,624835.0,17576.0,593988.0,,0.0,57331.0
2021-08-01,Ontario,110868.0,2592494.0,2751595.0,2481626.0,7589203.0,269643.0,591793.0
2021-08-01,Prince Edward Island,255.0,322.0,0.0,67.0,,70.0,28760.0
2021-08-01,Quebec,111577.0,176699.0,16315418.0,65122.0,0.0,1172.0,619396.0
2021-08-01,Saskatchewan,1080.0,1735178.0,211051.0,1734098.0,,188.0,52412.0
2021-09-01,Alberta,134861.0,5335702.0,237726.0,5200841.0,,35960.0,598798.0
2021-09-01,British Columbia,331955.0,576811.0,4454074.0,244856.0,,386.0,144565.0
2021-09-01,Manitoba,6078.0,7420.0,1688118.0,1342.0,,232.0,83384.0
2021-09-01,New Brunswick,45220.0,337925.0,169251.0,292705.0,464152.0,0.0,63375.0
2021-09-01,Newfoundland and Labrador,2891.0,60573.0,2517803.0,57682.0,,0.0,10582.0
2021-09-01,Nova Scotia,34643.0,480236.0,29449.0,445593.0,,0.0,85378.0
2021-09-01,Ontario,101396.0,830960.0,2422964.0,729564.0,7164342.0,267199.0,924673.0
2021-09-01,Prince Edward Island,119.0,194.0,0.0,75.0,,49.0,39578.0
2021-09-01,Quebec,94981.0,184752.0,13817309.0,89771.0,0.0,187.0,850269.0
2021-09-01,Saskatchewan,681.0,1525762.0,219192.0,1525081.0,,138.0,65311.0
2021-10-01,Alberta,194480.0,5718327.0,143318.0,5523847.0,,32024.0,712903.0
2021-10-01,British Columbia,381191.0,512732.0,4800497.0,131541.0,,315.0,147688.0
2021-10-01,Manitoba,8059.0,10015.0,1692645.0,1956.0,,10.0,97546.0
2021-10-01,New Brunswick,38630.0,403076.0,188286.0,364446.0,477623.0,0.0,32556.0
2021-10-01,Newfoundland and Labrador,2616.0,120200.0,2759970.0,117584.0,,0.0,7123.0
2021-10-01,Nova Scotia,22369.0,604993.0,27620.0,582624.0,,0.0,80629.0
2021-10-01,Ontario,71501.0,1220645.0,2932388.0,1149144.0,6511295.0,162740.0,991549.0
2021-10-01,Prince Edward Island,328.0,895.0,0.0,567.0,,37.0,35586.0
2021-10-01,Quebec,90092.0,172499.0,14823860.0,82407.0,0.0,106.0,742569.0
2021-10-01,Saskatchewan,598.0,1681419.0,184792.0,1680821.0,,1665.0,75031.0
2021-11-01,Alberta,182362.0,5701126.0,135387.0,5518764.0,,16929.0,948415.0
2021-11-01,British Columbia,323148.0,431216.0,5060513.0,108068.0,,178.0,173676.0
2021-11-01,Manitoba,7141.0,9281.0,1711063.0,2140.0,,2.0,98571.0
2021-11-01,New Brunswick,44785.0,448967.0,260120.0,404182.0,150505.0,0.0,47966.0
2021-11-01,Newfoundland and Labrador,2282.0,178352.0,3800687.0,176070.0,,0.0,9047.0
2021-11-01,Nova Scotia,9108.0,598141.0,52023.0,589033.0,,0.0,105791.0
2021-11-01,Ontario,125963.0,1580552.0,2820104.0,1454589.0,6285970.0,140975.0,1332173.0
2021-11-01,Prince Edward Island,387.0,1335.0,0.0,948.0,,24.0,64770.0
2021-11-01,Quebec,88180.0,152319.0,16109402.0,64139.0,0.0,309.0,1048628.0
2021-11-01,Saskatchewan,546.0,1794889.0,201120.0,1794343.0,,1243.0,90908.0
2021-12-01,Alberta,163557.0,6330958.0,143720.0,6167401.0,,9800.0,618509.0
2021-12-01,British Columbia,296832.0,444664.0,6883003.0,147832.0,,134.0,160240.0
2021-12-01,Manitoba,6491.0,9366.0,2150868.0,2875.0,,0.0,85335.0
2021-12-01,New Brunswick,59286.0,592461.0,226090.0,533175.0,394403.0,0.0,55613.0
2021-12-01,Newfoundland and Labrador,2925.0,184242.0,4249900.0,181317.0,,0.0,10645.0
2021-12-01,Nova Scotia,31672.0,693691.0,102547.0,662019.0,,0.0,113630.0
2021-12-01,Ontario,123800.0,1689421.0,3198219.0,1565621.0,6917710.0,65975.0,1527629.0
2021-12-01,Prince Edward Island,310.0,561.0,0.0,251.0,,17.0,65459.0
2021-12-01,Quebec,99681.0,178100.0,19881770.0,78419.0,0.0,262.0,1054343.0
2021-12-01,Saskatchewan,921.0,1950567.0,236571.0,1949646.0,,806.0,95519.0
2022-01-01,Alberta,151125.0,5522375.0,139690.0,5371250.0,,13548.0,814530.0
2022-01-01,British Columbia,289404.0,446223.0,6326914.0,156819.0,,150.0,157971.0
2022-01-01,Manitoba,9082.0,13012.0,2279539.0,3930.0,,0.0,98154.0
2022-01-01,New Brunswick,46794.0,960218.0,142844.0,913424.0,460227.0,0.0,53762.0
2022-01-01,Newfoundland and Labrador,2297.0,206191.0,4278728.0,203894.0,,0.0,16758.0
2022-01-01,Nova Scotia,32025.0,811889.0,138952.0,779864.0,,0.0,110736.0
2022-01-01,Ontario,118319.0,2560943.0,3294551.0,2442624.0,7635222.0,90008.0,1483822.0
2022-01-01,Prince Edward Island,258.0,541.0,0.0,283.0,,17.0,59714.0
2022-01-01,Quebec,106106.0,178798.0,23216109.0,72692.0,0.0,202.0,1059357.0
2022-01-01,Saskatchewan,1066.0,1930008.0,279340.0,1928942.0,,1145.0,101460.0
2022-02-01,Alberta,161459.0,4783455.0,127607.0,4621996.0,,17754.0,618406.0
2022-02-01,British Columbia,290958.0,451895.0,5595200.0,160937.0,,254.0,147709.0
2022-02-01,Manitoba,6763.0,9641.0,2252023.0,2878.0,,0.0,88461.0
2022-02-01,New Brunswick,46565.0,581706.0,133291.0,535141.0,444235.0,0.0,53552.0
2022-02-01,Newfoundland and Labrador,3742.0,198905.0,3901971.0,195163.0,,0.0,18961.0
2022-02-01,Nova Scotia,23479.0,694070.0,107123.0,670591.0,,0.0,112168.0
2022-02-01,Ontario,101452.0,1807840.0,2858139.0,1706388.0,6562992.0,121105.0,1519942.0
2022-02-01,Prince Edward Island,257.0,470.0,0.0,213.0,,31.0,59304.0
2022-02-01,Quebec,96759.0,164934.0,19591212.0,68175.0,0.0,691.0,1039730.0
2022-02-01,Saskatchewan,681.0,1638621.0,267578.0,1637940.0,,1399.0,89421.0
2022-03-01,Alberta,162776.0,5142654.0,144236.0,4979878.0,,37246.0,609934.0
2022-03-01,British Columbia,314192.0,468275.0,5378246.0,154083.0,,411.0,140905.0
2022-03-01,Manitoba,7789.0,10878.0,2623014.0,3089.0,,0.0,98559.0
2022-03-01,New Brunswick,51408.0,467029.0,232365.0,415621.0,493629.0,0.0,57767.0
2022-03-01,Newfoundland and Labrador,3188.0,179005.0,4004774.0,175817.0,,0.0,18579.0
2022-03-01,Nova Scotia,20010.0,655052.0,127359.0,635042.0,,0.0,136940.0
2022-03-01,Ontario,96519.0,1424299.0,3234860.0,1327780.0,6556052.0,180503.0,1445658.0
2022-03-01,Prince Edward Island,268.0,430.0,0.0,162.0,,61.0,58400.0
2022-03-01,Quebec,104885.0,172305.0,19263407.0,67420.0,0.0,1171.0,1124563.0
2022-03-01,Saskatchewan,1105.0,1636782.0,285548.0,1635677.0,,1641.0,95934.0
2022-04-01,Alberta,129707.0,4837297.0,160279.0,4707590.0,,44573.0,589353.0
2022-04-01,British Columbia,331052.0,480953.0,5316448.0,149901.0,,509.0,104958.0
2022-04-01,Manitoba,8691.0,11014.0,2459216.0,2323.0,,0.0,87105.0
2022-04-01,New Brunswick,52435.0,425993.0,509667.0,373558.0,130637.0,0.0,56808.0
2022-04-01,Newfoundland and Labrador,2795.0,123331.0,3215304.0,120536.0,,0.0,18261.0
2022-04-01,Nova Scotia,19221.0,447767.0,122556.0,428546.0,,0.0,146613.0
2022-04-01,Ontario,42851.0,674243.0,3274435.0,631392.0,6550868.0,240437.0,1222556.0
2022-04-01,Prince Edward Island,323.0,478.0,0.0,155.0,,51.0,48400.0
2022-04-01,Quebec,82553.0,146156.0,15675474.0,63603.0,0.0,1471.0,1086188.0
2022-04-01,Saskatchewan,1205.0,1433201.0,330147.0,1431996.0,,1920.0,83101.0
2022-05-01,Alberta,140471.0,5026558.0,184025.0,4886087.0,,65880.0,664548.0
2022-05-01,British Columbia,211850.0,313731.0,4568484.0,101881.0,,489.0,87285.0
2022-05-01,Manitoba,6868.0,8777.0,3098179.0,1909.0,,18.0,83678.0
2022-05-01,New Brunswick,38578.0,224264.0,499039.0,185686.0,0.0,0.0,44604.0
2022-05-01,Newfoundland and Labrador,2779.0,81098.0,2850260.0,78319.0,,0.0,8346.0
2022-05-01,Nova Scotia,13380.0,413703.0,132798.0,400323.0,,0.0,112275.0
2022-05-01,Ontario,54201.0,1093269.0,3919189.0,1039068.0,5879264.0,278147.0,1017950.0
2022-05-01,Prince Edward Island,336.0,489.0,0.0,153.0,,74.0,38597.0
2022-05-01,Quebec,91251.0,150627.0,14196123.0,59376.0,0.0,1946.0,756842.0
2022-05-01,Saskatchewan,1342.0,1517676.0,229948.0,1516334.0,,2238.0,153169.0
2022-06-01,Alberta,148214.0,4652184.0,217770.0,4503970.0,,72212.0,589787.0
2022-06-01,British Columbia,192133.0,305979.0,4486599.0,113846.0,,546.0,89511.0
2022-06-01,Manitoba,6001.0,7424.0,3399048.0,1423.0,,20.0,69071.0
2022-06-01,New Brunswick,41199.0,103202.0,396665.0,62003.0,0.0,0.0,29828.0
2022-06-01,Newfoundland and Labrador,1473.0,49463.0,2765678.0,47990.0,,0.0,7013.0
2022-06-01,Nova Scotia,17742.0,500199.0,29128.0,482457.0,,0.0,82470.0
2022-06-01,Ontario,41008.0,1111007.0,3418022.0,1069999.0,6859574.0,280017.0,885072.0
2022-06-01,Prince Edward Island,299.0,571.0,0.0,272.0,,69.0,29238.0
2022-06-01,Quebec,109522.0,159448.0,14423392.0,49926.0,0.0,1519.0,653648.0
2022-06-01,Saskatchewan,1562.0,1409727.0,266754.0,1408165.0,,2607.0,139366.0
2022-07-01,Alberta,154300.0,5355968.0,369925.0,5201668.0,,115673.0,372655.0
2022-07-01,British Columbia,216506.0,354350.0,5043973.0,137844.0,,630.0,96993.0
2022-07-01,Manitoba,5868.0,7971.0,3639466.0,2103.0,,18.0,52575.0
2022-07-01,New Brunswick,49570.0,301264.0,207733.0,251694.0,41852.0,0.0,45300.0
2022-07-01,Newfoundland and Labrador,2358.0,39198.0,2739992.0,36840.0,,0.0,12358.0
2022-07-01,Nova Scotia,18964.0,535813.0,26805.0,516849.0,,0.0,105243.0
2022-07-01,Ontario,120396.0,2019227.0,3092683.0,1898831.0,7400252.0,281584.0,804898.0
2022-07-01,Prince Edward Island,286.0,356.0,0.0,70.0,,74.0,30303.0
2022-07-01,Quebec,107211.0,163761.0,15633275.0,56550.0,0.0,2170.0,821764.0
2022-07-01,Saskatchewan,1620.0,1548439.0,371135.0,1546819.0,,4479.0,101709.0
2022-08-01,Alberta,147561.0,5624562.0,259622.0,5477001.0,,93152.0,416976.0
2022-08-01,British Columbia,284002.0,419572.0,5740475.0,135570.0,,1208.0,101038.0
2022-08-01,Manitoba,4987.0,6611.0,3739463.0,1624.0,,17.0,50830.0
2022-08-01,New Brunswick,55169.0,451476.0,170525.0,396307.0,349362.0,0.0,29049.0
2022-08-01,Newfoundland and Labrador,2746.0,17769.0,2745532.0,15023.0,,0.0,10218.0
2022-08-01,Nova Scotia,15666.0,609537.0,9799.0,593871.0,,0.0,74978.0
2022-08-01,Ontario,102844.0,2089690.0,3032445.0,1986846.0,7663726.0,250191.0,661223.0
2022-08-01,Prince Edward Island,302.0,358.0,0.0,56.0,,62.0,21738.0
2022-08-01,Quebec,120782.0,177048.0,16217066.0,56266.0,0.0,1680.0,571880.0
2022-08-01,Saskatchewan,2966.0,1639239.0,284061.0,1636273.0,,4732.0,113417.0
2022-09-01,Alberta,105509.0,5625285.0,247868.0,5519776.0,,130693.0,460426.0
2022-09-01,British Columbia,244252.0,367291.0,4437517.0,123039.0,,438.0,112157.0
2022-09-01,Manitoba,6213.0,7810.0,3191266.0,1597.0,,12.0,80391.0
2022-09-01,New Brunswick,49943.0,259454.0,93490.0,209511.0,457285.0,0.0,39532.0
2022-09-01,Newfoundland and Labrador,1373.0,26661.0,2856326.0,25288.0,,0.0,15694.0
2022-09-01,Nova Scotia,3141.0,463280.0,14392.0,460139.0,,0.0,100850.0
2022-09-01,Ontario,103493.0,1284223.0,2825287.0,1180730.0,6669719.0,204419.0,759503.0
2022-09-01,Prince Edward Island,221.0,345.0,0.0,124.0,,52.0,28145.0
2022-09-01,Quebec,106539.0,161741.0,13936179.0,55202.0,0.0,1212.0,727988.0
2022-09-01,Saskatchewan,3034.0,1483624.0,243727.0,1480590.0,,3879.0,142783.0
2022-10-01,Alberta,131395.0,5745662.0,137678.0,5614267.0,,137671.0,612546.0
2022-10-01,British Columbia,279676.0,401005.0,3903263.0,121329.0,,413.0,128037.0
2022-10-01,Manitoba,7266.0,9503.0,3279813.0,2237.0,,7.0,95439.0
2022-10-01,New Brunswick,49628.0,240930.0,224401.0,191302.0,484589.0,0.0,45917.0
2022-10-01,Newfoundland and Labrador,0.0,69209.0,2979558.0,69209.0,,0.0,10963.0
2022-10-01,Nova Scotia,430.0,442304.0,35493.0,441874.0,,0.0,112965.0
2022-10-01,Ontario,69846.0,1243212.0,3327874.0,1173366.0,5006584.0,180923.0,1371719.0
2022-10-01,Prince Edward Island,306.0,490.0,0.0,184.0,,46.0,29839.0
2022-10-01,Quebec,99378.0,185027.0,14623648.0,85649.0,0.0,1222.0,924490.0
2022-10-01,Saskatchewan,4585.0,1556765.0,228506.0,1552180.0,,3235.0,178123.0
2022-11-01,Alberta,184257.0,5901023.0,127929.0,5716766.0,,76129.0,824694.0
2022-11-01,British Columbia,250759.0,404726.0,5460232.0,153967.0,,132.0,152246.0
2022-11-01,Manitoba,7325.0,9995.0,3183505.0,2670.0,,70.0,107656.0
2022-11-01,New Brunswick,40668.0,280954.0,294684.0,240286.0,475719.0,0.0,55953.0
2022-11-01,Newfoundland and Labrador,2781.0,106874.0,3984732.0,104093.0,,0.0,22169.0
2022-11-01,Nova Scotia,395.0,473495.0,45022.0,473100.0,,0.0,144667.0
2022-11-01,Ontario,102923.0,1138841.0,3534042.0,1035918.0,5678660.0,108767.0,1559741.0
2022-11-01,Prince Edward Island,347.0,514.0,0.0,167.0,,28.0,62036.0
2022-11-01,Quebec,115982.0,189965.0,15791842.0,73983.0,0.0,691.0,1094088.0
2022-11-01,Saskatchewan,4684.0,1685579.0,222329.0,1680895.0,,1532.0,212346.0
2022-12-01,Alberta,207095.0,6381622.0,139938.0,6174527.0,,46427.0,641945.0
2022-12-01,British Columbia,245315.0,396408.0,6326528.0,151093.0,,111.0,115234.0
2022-12-01,Manitoba,6179.0,9005.0,3592792.0,2826.0,,60.0,76837.0
2022-12-01,New Brunswick,39903.0,661985.0,412593.0,622082.0,202385.0,0.0,43626.0
2022-12-01,Newfoundland and Labrador,2925.0,129949.0,3833618.0,127024.0,,0.0,18603.0
2022-12-01,Nova Scotia,11036.0,679484.0,93794.0,668448.0,,0.0,140686.0
2022-12-01,Ontario,121944.0,2122172.0,3698893.0,2000228.0,6298182.0,69658.0,1575073.0
2022-12-01,Prince Edward Island,381.0,891.0,0.0,510.0,,14.0,60665.0
2022-12-01,Quebec,115317.0,196116.0,20290161.0,80799.0,0.0,473.0,1036689.0
2022-12-01,Saskatchewan,4817.0,1796434.0,294960.0,1791617.0,,1290.0,175121.0
2023-01-01,Alberta,182367.0,6069463.0,132837.0,5887096.0,,66563.0,947954.0
2023-01-01,British Columbia,316776.0,469590.0,5303303.0,152814.0,,200.0,124903.0
2023-01-01,Manitoba,8572.0,11069.0,3588544.0,2497.0,,102.0,74546.0
2023-01-01,New Brunswick,43719.0,715372.0,311170.0,671653.0,201804.0,0.0,35029.0
2023-01-01,Newfoundland and Labrador,2630.0,142408.0,4460461.0,139778.0,,0.0,16336.0
2023-01-01,Nova Scotia,16452.0,700197.0,156037.0,683745.0,,0.0,94750.0
2023-01-01,Ontario,150101.0,1704298.0,3771065.0,1554197.0,7286042.0,63733.0,1102821.0
2023-01-01,Prince Edward Island,350.0,548.0,0.0,198.0,,15.0,55258.0
2023-01-01,Quebec,119299.0,203947.0,21459448.0,84648.0,0.0,270.0,759670.0
2023-01-01,Saskatchewan,5472.0,1822218.0,307906.0,1816746.0,,1973.0,159169.0
2023-02-01,Alberta,166123.0,4827865.0,90543.0,4661742.0,,96125.0,960901.0
2023-02-01,British Columbia,331932.0,472627.0,4379547.0,140695.0,,161.0,189703.0
2023-02-01,Manitoba,7496.0,10900.0,3076346.0,3404.0,,155.0,85198.0
2023-02-01,New Brunswick,38850.0,735469.0,174817.0,696619.0,444560.0,0.0,47360.0
2023-02-01,Newfoundland and Labrador,2229.0,131990.0,4489844.0,129761.0,,0.0,16511.0
2023-02-01,Nova Scotia,28653.0,689737.0,116241.0,661084.0,,0.0,115664.0
2023-02-01,Ontario,157721.0,1237146.0,3291840.0,1079425.0,6428128.0,146643.0,1481847.0
2023-02-01,Prince Edward Island,262.0,835.0,0.0,573.0,,37.0,51794.0
2023-02-01,Quebec,103013.0,155892.0,19222765.0,52879.0,0.0,684.0,972026.0
2023-02-01,Saskatchewan,4166.0,1595627.0,264135.0,1591461.0,,3783.0,194990.0
2023-03-01,Alberta,228571.0,5267835.0,99136.0,5039264.0,,215494.0,599461.0
2023-03-01,British Columbia,336403.0,494203.0,4909899.0,157800.0,,248.0,117529.0
2023-03-01,Manitoba,8893.0,12474.0,3167934.0,3581.0,,191.0,74949.0
2023-03-01,New Brunswick,47235.0,477536.0,163915.0,430301.0,493555.0,0.0,49015.0
2023-03-01,Newfoundland and Labrador,2756.0,126010.0,4816360.0,123254.0,,0.0,20566.0
2023-03-01,Nova Scotia,31126.0,689492.0,92994.0,658366.0,,0.0,131458.0
2023-03-01,Ontario,96062.0,1137222.0,3354565.0,1041160.0,6274044.0,207994.0,1530762.0
2023-03-01,Prince Edward Island,303.0,458.0,0.0,155.0,,53.0,50748.0
2023-03-01,Quebec,115786.0,178533.0,19093863.0,62747.0,0.0,1264.0,850986.0
2023-03-01,Saskatchewan,5151.0,1885986.0,200626.0,1880835.0,,6300.0,168189.0
2023-04-01,Alberta,167917.0,4859706.0,115592.0,4691789.0,,223105.0,832430.0
2023-04-01,British Columbia,353567.0,477875.0,3811634.0,124308.0,,255.0,129431.0
2023-04-01,Manitoba,8300.0,11244.0,2928840.0,2944.0,,129.0,64668.0
2023-04-01,New Brunswick,50199.0,406705.0,395945.0,356506.0,229019.0,0.0,49409.0
2023-04-01,Newfoundland and Labrador,2414.0,103721.0,3829176.0,101307.0,,0.0,16797.0
2023-04-01,Nova Scotia,32562.0,451021.0,53010.0,418459.0,,0.0,115626.0
2023-04-01,Ontario,37956.0,857005.0,3510651.0,819049.0,6197991.0,238746.0,1261868.0
2023-04-01,Prince Edward Island,335.0,481.0,0.0,146.0,,62.0,39961.0
2023-04-01,Quebec,104579.0,163260.0,14592541.0,58681.0,0.0,1419.0,975930.0
2023-04-01,Saskatchewan,5352.0,1572681.0,242660.0,1567329.0,,5111.0,191054.0
2023-05-01,Alberta,162974.0,4675595.0,211222.0,4512621.0,,293737.0,629387.0
2023-05-01,British Columbia,248165.0,350421.0,4064129.0,102256.0,,329.0,100690.0
2023-05-01,Manitoba,10250.0,12432.0,3223998.0,2182.0,,159.0,76841.0
2023-05-01,New Brunswick,44197.0,530597.0,380785.0,486400.0,80153.0,0.0,73731.0
2023-05-01,Newfoundland and Labrador,1465.0,54222.0,3130113.0,52757.0,,0.0,18211.0
2023-05-01,Nova Scotia,34764.0,362005.0,52070.0,327241.0,,0.0,146135.0
2023-05-01,Ontario,53053.0,1145558.0,3953625.0,1092505.0,6436576.0,323056.0,801094.0
2023-05-01,Prince Edward Island,346.0,466.0,0.0,120.0,,64.0,48529.0
2023-05-01,Quebec,94665.0,139499.0,13529967.0,44834.0,0.0,1707.0,1025211.0
2023-05-01,Saskatchewan,4518.0,1576821.0,255500.0,1572303.0,,4046.0,142951.0
2023-06-01,Alberta,161558.0,4525999.0,307810.0,4364441.0,,289039.0,623747.0
2023-06-01,British Columbia,230810.0,328648.0,3711022.0,97838.0,,364.0,111082.0
2023-06-01,Manitoba,8298.0,11452.0,2846631.0,3154.0,,158.0,36088.0
2023-06-01,New Brunswick,39543.0,385921.0,356604.0,346378.0,474783.0,0.0,54296.0
2023-06-01,Newfoundland and Labrador,2131.0,31526.0,2652152.0,29395.0,,0.0,11515.0
2023-06-01,Nova Scotia,18147.0,384553.0,59951.0,366406.0,,1216.0,84157.0
2023-06-01,Ontario,100733.0,2385215.0,2962410.0,2284482.0,6361129.0,271271.0,688618.0
2023-06-01,Prince Edward Island,362.0,421.0,0.0,59.0,,52.0,31099.0
2023-06-01,Quebec,109048.0,163051.0,13271159.0,54003.0,0.0,1602.0,575013.0
2023-06-01,Saskatchewan,2109.0,1569447.0,209309.0,1567338.0,,5302.0,122966.0
2023-07-01,Alberta,177252.0,5438539.0,274654.0,5261287.0,,315727.0,596312.0
2023-07-01,British Columbia,303135.0,408732.0,3483142.0,105597.0,,601.0,84473.0
2023-07-01,Manitoba,7660.0,9225.0,2837466.0,1565.0,,154.0,46474.0
2023-07-01,New Brunswick,50784.0,534542.0,376578.0,483758.0,488235.0,0.0,31387.0
2023-07-01,Newfoundland and Labrador,1936.0,32594.0,3005822.0,30658.0,,0.0,8645.0
2023-07-01,Nova Scotia,24259.0,478761.0,58815.0,454502.0,,289.0,63288.0
2023-07-01,Ontario,183605.0,3329189.0,3042425.0,3145584.0,6998407.0,264472.0,481491.0
2023-07-01,Prince Edward Island,282.0,325.0,0.0,43.0,,70.0,20960.0
2023-07-01,Quebec,109128.0,163661.0,13531320.0,54533.0,0.0,1400.0,460548.0
2023-07-01,Saskatchewan,5784.0,1580771.0,264315.0,1574987.0,,5003.0,157912.0
2023-08-01,Alberta,178653.0,5399752.0,199883.0,5221099.0,,282260.0,645238.0
2023-08-01,British Columbia,365676.0,452107.0,3971265.0,86431.0,,481.0,113512.0
2023-08-01,Manitoba,6146.0,7540.0,2569694.0,1394.0,,131.0,44061.0
2023-08-01,New Brunswick,38601.0,577089.0,335185.0,538488.0,486374.0,189.0,43075.0
2023-08-01,Newfoundland and Labrador,1943.0,30351.0,3100396.0,28408.0,,0.0,8295.0
2023-08-01,Nova Scotia,36367.0,394951.0,49230.0,358584.0,,252.0,81289.0
2023-08-01,Ontario,96729.0,2525692.0,2700840.0,2428963.0,7213919.0,243310.0,718314.0
2023-08-01,Prince Edward Island,283.0,325.0,0.0,42.0,,56.0,24474.0
2023-08-01,Quebec,119767.0,173175.0,12481841.0,53408.0,0.0,1511.0,534688.0
2023-08-01,Saskatchewan,4023.0,1662933.0,228928.0,1658910.0,,4388.0,116656.0
2023-09-01,Alberta,103508.0,5056895.0,171093.0,4953387.0,,223128.0,751339.0
2023-09-01,British Columbia,259123.0,349282.0,3138080.0,90159.0,,331.0,132336.0
2023-09-01,Manitoba,6661.0,8363.0,2085428.0,1702.0,,128.0,63119.0
2023-09-01,New Brunswick,36246.0,463287.0,320866.0,427041.0,470613.0,195.0,40246.0
2023-09-01,Newfoundland and Labrador,1330.0,30276.0,2952477.0,28946.0,,0.0,10890.0
2023-09-01,Nova Scotia,29494.0,444041.0,56888.0,414547.0,,221.0,81321.0
2023-09-01,Ontario,84169.0,2063137.0,2678472.0,1978968.0,6513872.0,229927.0,576324.0
2023-09-01,Prince Edward Island,205.0,238.0,0.0,33.0,,52.0,24046.0
2023-09-01,Quebec,113721.0,157841.0,12689464.0,44120.0,0.0,1520.0,552154.0
2023-09-01,Saskatchewan,3882.0,1526246.0,236700.0,1522364.0,,4739.0,115585.0
2023-10-01,Alberta,97796.0,5428297.0,126766.0,5330501.0,,129260.0,973740.0
2023-10-01,British Columbia,268884.0,390947.0,3773708.0,122063.0,,262.0,144955.0
2023-10-01,Manitoba,7749.0,9754.0,1763927.0,2005.0,,59.0,67663.0
2023-10-01,New Brunswick,28402.0,502307.0,286466.0,473905.0,486597.0,153.0,53972.0
2023-10-01,Newfoundland and Labrador,1191.0,69733.0,3251796.0,68542.0,,0.0,13790.0
2023-10-01,Nova Scotia,16301.0,343772.0,82913.0,327471.0,,191.0,101085.0
2023-10-01,Ontario,80712.0,1449502.0,2950861.0,1368790.0,6577930.0,139380.0,1231167.0
2023-10-01,Prince Edward Island,326.0,498.0,0.0,172.0,,38.0,36045.0
2023-10-01,Quebec,82098.0,132663.0,12669095.0,50565.0,0.0,711.0,865714.0
2023-10-01,Saskatchewan,4396.0,1623161.0,167437.0,1618765.0,,3116.0,175684.0
2023-11-01,Alberta,144921.0,5546969.0,127211.0,5402048.0,,92217.0,1319223.0
2023-11-01,British Columbia,396030.0,542140.0,4446185.0,146110.0,,180.0,200651.0
2023-11-01,Manitoba,7539.0,9933.0,1864537.0,2394.0,,49.0,98440.0
2023-11-01,New Brunswick,43903.0,597990.0,284403.0,554087.0,397419.0,133.0,69556.0
2023-11-01,Newfoundland and Labrador,141.0,111395.0,4506501.0,111254.0,,0.0,14449.0
2023-11-01,Nova Scotia,11908.0,517527.0,66511.0,505619.0,,130.0,131949.0
2023-11-01,Ontario,105582.0,2272571.0,3098484.0,2166989.0,6484620.0,101799.0,1557803.0
2023-11-01,Prince Edward Island,353.0,497.0,0.0,144.0,,25.0,55115.0
2023-11-01,Quebec,73204.0,125631.0,14998403.0,52427.0,0.0,536.0,1011432.0
2023-11-01,Saskatchewan,3786.0,1688812.0,173281.0,1685026.0,,3019.0,204609.0
2023-12-01,Alberta,119193.0,5448853.0,107509.0,5329660.0,,67344.0,1486027.0
2023-12-01,British Columbia,402512.0,538423.0,4140354.0,135911.0,,179.0,242834.0
2023-12-01,Manitoba,8253.0,10485.0,2354139.0,2232.0,,46.0,89900.0
2023-12-01,New Brunswick,47396.0,759758.0,381979.0,712362.0,492379.0,101.0,73534.0
2023-12-01,Newfoundland and Labrador,295.0,136764.0,4743390.0,136469.0,,0.0,16254.0
2023-12-01,Nova Scotia,21546.0,561153.0,114867.0,539607.0,,96.0,151336.0
2023-12-01,Ontario,208334.0,2617497.0,3511177.0,2409163.0,7047690.0,71454.0,1148257.0
2023-12-01,Prince Edward Island,360.0,558.0,0.0,198.0,,15.0,59981.0
2023-12-01,Quebec,132451.0,193904.0,16481973.0,61453.0,0.0,302.0,1022219.0
2023-12-01,Saskatchewan,4248.0,1829832.0,153169.0,1825584.0,,2283.0,235516.0
2024-01-01,Alberta,158879.0,6373021.0,160296.0,6214142.0,,90009.0,1080596.0
2024-01-01,British Columbia,369451.0,550779.0,5553803.0,181328.0,,108.0,137862.0
2024-01-01,Manitoba,10272.0,13457.0,2555981.0,3185.0,,123.0,81100.0
2024-01-01,New Brunswick,42500.0,594277.0,217515.0,551777.0,492013.0,125.0,71088.0
2024-01-01,Newfoundland and Labrador,0.0,138904.0,4939785.0,138904.0,,0.0,19578.0
2024-01-01,Nova Scotia,20580.0,795236.0,112801.0,774656.0,,119.0,138309.0
2024-01-01,Ontario,156055.0,3032459.0,3641661.0,2876404.0,7379460.0,56439.0,1383204.0
2024-01-01,Prince Edward Island,269.0,712.0,0.0,443.0,,253.0,60949.0
2024-01-01,Quebec,127979.0,284538.0,19253076.0,156559.0,0.0,409.0,1109064.0
2024-01-01,Saskatchewan,4771.0,2028844.0,166943.0,2024073.0,,1970.0,202007.0
2024-02-01,Alberta,140736.0,5150959.0,102605.0,5010223.0,,166180.0,1016363.0
2024-02-01,British Columbia,349183.0,458410.0,3754447.0,109227.0,,131.0,152525.0
2024-02-01,Manitoba,7777.0,10471.0,2366302.0,2694.0,,186.0,68121.0
2024-02-01,New Brunswick,46594.0,498468.0,133422.0,451874.0,460019.0,155.0,73496.0
2024-02-01,Newfoundland and Labrador,0.0,135031.0,4440624.0,135031.0,,0.0,19425.0
2024-02-01,Nova Scotia,31871.0,663872.0,83348.0,632001.0,,153.0,144617.0
2024-02-01,Ontario,163916.0,2574717.0,3190589.0,2410801.0,6345490.0,177776.0,1303057.0
2024-02-01,Prince Edward Island,246.0,530.0,0.0,284.0,,69.0,55479.0
2024-02-01,Quebec,104036.0,161021.0,16506152.0,56985.0,0.0,1055.0,1103124.0
2024-02-01,Saskatchewan,4791.0,1777434.0,152459.0,1772643.0,,3573.0,165196.0
2024-03-01,Alberta,122973.0,5107793.0,87617.0,4984820.0,,226825.0,956545.0
2024-03-01,British Columbia,339914.0,453465.0,3831401.0,113551.0,,310.0,175801.0
2024-03-01,Manitoba,7808.0,10558.0,2167378.0,2750.0,,225.0,88267.0
2024-03-01,New Brunswick,50652.0,391614.0,375176.0,340962.0,492730.0,164.0,100999.0
2024-03-01,Newfoundland and Labrador,1633.0,135848.0,4789981.0,134215.0,,0.0,16611.0
2024-03-01,Nova Scotia,30282.0,520658.0,107580.0,490376.0,,187.0,170785.0
2024-03-01,Ontario,105472.0,2191647.0,3383163.0,2086175.0,5914370.0,200116.0,1559617.0
2024-03-01,Prince Edward Island,289.0,409.0,0.0,120.0,,466.0,55160.0
2024-03-01,Quebec,121959.0,179414.0,14642958.0,57455.0,0.0,1253.0,1131684.0
2024-03-01,Saskatchewan,5210.0,1973020.0,112021.0,1967810.0,,5458.0,168396.0
2024-04-01,Alberta,85382.0,4197190.0,102639.0,4111808.0,,284219.0,1299847.0
2024-04-01,British Columbia,344167.0,418269.0,3281996.0,74102.0,,388.0,140359.0
2024-04-01,Manitoba,8680.0,11291.0,1773538.0,2611.0,,144.0,87356.0
2024-04-01,New Brunswick,43992.0,463430.0,515240.0,419438.0,81931.0,256.0,106223.0
2024-04-01,Newfoundland and Labrador,1.0,104006.0,4129417.0,104005.0,,0.0,18900.0
2024-04-01,Nova Scotia,27297.0,490856.0,129497.0,463559.0,,289.0,144964.0
2024-04-01,Ontario,30385.0,1684840.0,3444168.0,1654455.0,5120030.0,220637.0,1538143.0
2024-04-01,Prince Edward Island,237.0,350.0,0.0,113.0,,3290.0,46035.0
2024-04-01,Quebec,111722.0,172902.0,12360190.0,61180.0,0.0,1496.0,1157822.0
2024-04-01,Saskatchewan,5811.0,1579022.0,241097.0,1573211.0,,6261.0,186165.0
2024-05-01,Alberta,80061.0,4471857.0,138806.0,4391796.0,,298676.0,1010453.0
2024-05-01,British Columbia,307095.0,404954.0,3555040.0,97859.0,,412.0,150983.0
2024-05-01,Manitoba,6405.0,8162.0,1912645.0,1757.0,,133.0,76638.0
2024-05-01,New Brunswick,48609.0,568403.0,267614.0,519794.0,0.0,268.0,68523.0
2024-05-01,Newfoundland and Labrador,1.0,69935.0,3118776.0,69934.0,,0.0,10500.0
2024-05-01,Nova Scotia,27557.0,441024.0,89563.0,413467.0,,300.0,97190.0
2024-05-01,Ontario,28323.0,2136845.0,3884298.0,2108522.0,5339880.0,282440.0,961463.0
2024-05-01,Prince Edward Island,316.0,351.0,0.0,35.0,,3246.0,33705.0
2024-05-01,Quebec,129424.0,189453.0,11926840.0,60029.0,0.0,1736.0,737031.0
2024-05-01,Saskatchewan,6036.0,1544752.0,228954.0,1538716.0,,6108.0,155836.0
2024-06-01,Alberta,74000.0,4300323.0,163183.0,4226323.0,,351059.0,907838.0
2024-06-01,British Columbia,245347.0,310502.0,3706237.0,65155.0,,512.0,111034.0
2024-06-01,Manitoba,5284.0,7196.0,2543766.0,1912.0,,204.0,76838.0
2024-06-01,New Brunswick,47927.0,452864.0,194493.0,404937.0,0.0,266.0,68186.0
2024-06-01,Newfoundland and Labrador,0.0,28566.0,2469662.0,28566.0,,0.0,13100.0
2024-06-01,Nova Scotia,17545.0,306344.0,44850.0,288799.0,,293.0,108754.0
2024-06-01,Ontario,59746.0,1960533.0,3213224.0,1900787.0,6752500.0,260301.0,968542.0
2024-06-01,Prince Edward Island,280.0,303.0,0.0,23.0,,4050.0,29210.0
2024-06-01,Quebec,131739.0,191515.0,13426126.0,59776.0,0.0,1687.0,667321.0
2024-06-01,Saskatchewan,5269.0,1431704.0,252623.0,1426435.0,,4484.0,180203.0
2024-07-01,Alberta,88306.0,5868798.0,244628.0,5780492.0,,405346.0,815473.0
2024-07-01,British Columbia,325880.0,559195.0,4515454.0,233315.0,,575.0,144634.0
2024-07-01,Manitoba,5738.0,7486.0,2892447.0,1748.0,,224.0,43307.0
2024-07-01,New Brunswick,50585.0,462077.0,240402.0,411492.0,0.0,285.0,63742.0
2024-07-01,Newfoundland and Labrador,0.0,28888.0,2705617.0,28888.0,,0.0,8500.0
2024-07-01,Nova Scotia,19704.0,475011.0,33520.0,455307.0,,320.0,90888.0
2024-07-01,Ontario,89497.0,3189172.0,3341912.0,3099675.0,7526970.0,278958.0,501651.0
2024-07-01,Prince Edward Island,291.0,327.0,0.0,36.0,,4937.0,25238.0
2024-07-01,Quebec,144406.0,212447.0,14506182.0,68041.0,0.0,1818.0,615768.0
2024-07-01,Saskatchewan,3858.0,1607560.0,243360.0,1603702.0,,7372.0,96248.0
2024-08-01,Alberta,148086.0,5368542.0,180732.0,5220456.0,,326283.0,837537.0
2024-08-01,British Columbia,375523.0,611791.0,4200523.0,236268.0,,431.0,115188.0
2024-08-01,Manitoba,5176.0,6924.0,2867311.0,1748.0,,199.0,60703.0
2024-08-01,New Brunswick,49308.0,420944.0,158850.0,371636.0,0.0,288.0,56070.0
2024-08-01,Newfoundland and Labrador,0.0,32923.0,2662234.0,32923.0,,0.0,12400.0
2024-08-01,Nova Scotia,39285.0,626043.0,30360.0,586758.0,,318.0,87909.0
2024-08-01,Ontario,110636.0,3080286.0,2917580.0,2969650.0,7373619.0,242659.0,615981.0
2024-08-01,Prince Edward Island,316.0,368.0,0.0,52.0,,5290.0,26373.0
2024-08-01,Quebec,139698.0,198716.0,13077212.0,59018.0,0.0,1192.0,648774.0
2024-08-01,Saskatchewan,5891.0,1685160.0,188789.0,1679269.0,,6860.0,116535.0
2024-09-01,Alberta,113877.0,5208410.0,179921.0,5094533.0,,287778.0,1004061.0
2024-09-01,British Columbia,270573.0,406329.0,4213115.0,135756.0,,204.0,153946.0
2024-09-01,Manitoba,5746.0,7566.0,2615677.0,1820.0,,178.0,79617.0
2024-09-01,New Brunswick,48323.0,417865.0,83182.0,369542.0,0.0,305.0,64920.0
2024-09-01,Newfoundland and Labrador,0.0,40318.0,2106756.0,40318.0,,0.0,9500.0
2024-09-01,Nova Scotia,41077.0,500493.0,18376.0,459416.0,,254.0,105022.0
2024-09-01,Ontario,85084.0,2448485.0,2668619.0,2363401.0,7151170.0,230645.0,720129.0
2024-09-01,Prince Edward Island,246.0,333.0,0.0,87.0,,4368.0,27947.0
2024-09-01,Quebec,139301.0,199272.0,11882509.0,59971.0,0.0,1571.0,728920.0
2024-09-01,Saskatchewan,5322.0,1467390.0,186035.0,1462068.0,,5288.0,180084.0
2024-10-01,Alberta,144357.0,5384902.0,165857.0,5240545.0,,209753.0,1390477.0
2024-10-01,British Columbia,292917.0,414762.0,4664000.0,121845.0,,152.0,170133.0
2024-10-01,Manitoba,6620.0,8790.0,2641974.0,2170.0,,35.0,87478.0
2024-10-01,New Brunswick,54049.0,522738.0,102113.0,468689.0,0.0,188.0,105724.0
2024-10-01,Newfoundland and Labrador,0.0,130121.0,1986377.0,130121.0,,0.0,14900.0
2024-10-01,Nova Scotia,26126.0,498720.0,16211.0,472594.0,,220.0,149359.0
2024-10-01,Ontario,130601.0,1981504.0,2783830.0,1850903.0,6604640.0,197402.0,1283077.0
2024-10-01,Prince Edward Island,391.0,471.0,0.0,80.0,,3293.0,50256.0
2024-10-01,Quebec,117770.0,162656.0,12382792.0,44886.0,0.0,1359.0,1102273.0
2024-10-01,Saskatchewan,5393.0,1518046.0,163864.0,1512653.0,,4563.0,195232.0
2024-11-01,Alberta,150031.0,5575340.0,164866.0,5425309.0,,74788.0,1087054.0
2024-11-01,British Columbia,328927.0,447877.0,4872879.0,118950.0,,96.0,145787.0
2024-11-01,Manitoba,4817.0,6824.0,2471235.0,2007.0,,16.0,74793.0
2024-11-01,New Brunswick,43170.0,568082.0,99795.0,524912.0,0.0,77.0,114562.0
2024-11-01,Newfoundland and Labrador,0.0,129271.0,2984627.0,129271.0,,0.0,14700.0
2024-11-01,Nova Scotia,39346.0,503894.0,21766.0,464548.0,,84.0,192021.0
2024-11-01,Ontario,194812.0,1853430.0,3377882.0,1658618.0,6642960.0,104691.0,1507050.0
2024-11-01,Prince Edward Island,388.0,476.0,0.0,88.0,,1265.0,64871.0
2024-11-01,Quebec,112588.0,159468.0,13719842.0,46880.0,0.0,663.0,1004719.0
2024-11-01,Saskatchewan,5925.0,1684334.0,202384.0,1678409.0,,2101.0,234331.0
2024-12-01,Alberta,156138.0,6125779.0,135118.0,5969641.0,,71198.0,1424950.0
2024-12-01,British Columbia,346448.0,498442.0,5580955.0,151994.0,,73.0,177662.0
2024-12-01,Manitoba,7379.0,9847.0,2614403.0,2468.0,,71.0,84146.0
2024-12-01,New Brunswick,63225.0,708115.0,241465.0,644890.0,239818.0,198.0,89495.0
2024-12-01,Newfoundland and Labrador,0.0,146068.0,4736604.0,146068.0,,0.0,15700.0
2024-12-01,Nova Scotia,32449.0,680566.0,40173.0,648117.0,,207.0,167617.0
2024-12-01,Ontario,197185.0,2669350.0,3435719.0,2472165.0,7817550.0,72732.0,1519848.0
2024-12-01,Prince Edward Island,368.0,870.0,0.0,502.0,,1546.0,56469.0
2024-12-01,Quebec,164322.0,218627.0,18480484.0,54305.0,0.0,351.0,1006117.0
2024-12-01,Saskatchewan,5927.0,1800442.0,268367.0,1794515.0,,1853.0,263242.0
2025-01-01,Alberta,160948.0,6006210.0,136020.0,5845262.0,,107023.0,1636689.0
2025-01-01,British Columbia,375564.0,516289.0,5813152.0,140725.0,,138.0,195196.0
2025-01-01,Manitoba,7620.0,10253.0,3061252.0,2633.0,,133.0,103706.0
2025-01-01,New Brunswick,57289.0,763530.0,207672.0,706241.0,492318.0,215.0,93208.0
2025-01-01,Newfoundland and Labrador,0.0,146831.0,4670397.0,146831.0,,0.0,18400.0
2025-01-01,Nova Scotia,33520.0,843527.0,97622.0,810007.0,,76.0,169195.0
2025-01-01,Ontario,202765.0,3472457.0,3469444.0,3269692.0,7300810.0,107368.0,1874301.0
2025-01-01,Prince Edward Island,327.0,884.0,0.0,557.0,,2388.0,63821.0
2025-01-01,Quebec,142506.0,198796.0,21562344.0,56290.0,0.0,507.0,1097254.0
2025-01-01,Saskatchewan,5663.0,1718282.0,304649.0,1712619.0,,2742.0,309472.0
2025-02-01,Alberta,154545.0,5534548.0,148517.0,5380003.0,,165694.0,1140290.0
2025-02-01,British Columbia,341979.0,540911.0,5253668.0,198932.0,,177.0,127901.0
2025-02-01,Manitoba,7774.0,10232.0,2706178.0,2458.0,,190.0,77872.0
2025-02-01,New Brunswick,48759.0,704857.0,98284.0,656098.0,448036.0,14.0,108776.0
2025-02-01,Newfoundland and Labrador,0.0,165462.0,4243990.0,165462.0,,0.0,19600.0
2025-02-01,Nova Scotia,25945.0,766234.0,81582.0,740289.0,,177.0,149735.0
2025-02-01,Ontario,140938.0,3903674.0,3168510.0,3762736.0,5698150.0,86286.0,1262298.0
2025-02-01,Prince Edward Island,282.0,1266.0,0.0,984.0,,3630.0,62871.0
2025-02-01,Quebec,117395.0,174515.0,18895684.0,57120.0,0.0,719.0,1156432.0
2025-02-01,Saskatchewan,4578.0,1604302.0,273253.0,1599724.0,,3966.0,273088.0
2025-03-01,Alberta,154956.0,5805273.0,110582.0,5650317.0,,266447.0,1202630.0
2025-03-01,British Columbia,310452.0,483357.0,4416380.0,172905.0,,507.0,144957.0
2025-03-01,Manitoba,7666.0,10421.0,2742633.0,2755.0,,241.0,79680.0
2025-03-01,New Brunswick,43798.0,468057.0,343308.0,424259.0,359258.0,180.0,110571.0
2025-03-01,Newfoundland and Labrador,0.0,183081.0,3216299.0,183081.0,,0.0,17700.0
2025-03-01,Nova Scotia,39563.0,580383.0,74392.0,540820.0,,256.0,173518.0
2025-03-01,Ontario,76909.0,1871733.0,3545805.0,1794824.0,6645850.0,206921.0,1865279.0
2025-03-01,Prince Edward Island,382.0,660.0,0.0,278.0,,4859.0,61400.0
2025-03-01,Quebec,125940.0,179161.0,17874023.0,53221.0,0.0,300.0,1244412.0
2025-03-01,Saskatchewan,5849.0,1660762.0,230496.0,1654913.0,,5964.0,222623.0
2025-04-01,Alberta,110621.0,4896914.0,121538.0,4786293.0,,380349.0,1271033.0
2025-04-01,British Columbia,367556.0,520943.0,3813789.0,153387.0,,843.0,160854.0
2025-04-01,Manitoba,7890.0,10316.0,2474581.0,2426.0,,209.0,90821.0
2025-04-01,New Brunswick,54186.0,265839.0,465652.0,211653.0,508743.0,42.0,106150.0
2025-04-01,Newfoundland and Labrador,0.0,109940.0,2625097.0,109940.0,,0.0,16400.0
2025-04-01,Nova Scotia,39412.0,487300.0,113668.0,447888.0,,310.0,156954.0
2025-04-01,Ontario,45010.0,1377217.0,3658558.0,1332207.0,6592140.0,240171.0,1366322.0
2025-04-01,Prince Edward Island,412.0,598.0,0.0,186.0,,4531.0,51162.0
2025-04-01,Quebec,115519.0,166050.0,13559146.0,50531.0,0.0,1326.0,1137707.0
2025-04-01,Saskatchewan,4477.0,1451120.0,268066.0,1446643.0,,3926.0,214763.0
2025-05-01,Alberta,159230.0,4752013.0,195844.0,4592783.0,,455521.0,1243954.0
2025-05-01,British Columbia,282698.0,416772.0,4057364.0,134074.0,,859.0,157698.0
2025-05-01,Manitoba,219.0,1589.0,2395602.0,1370.0,,254.0,86565.0
2025-05-01,New Brunswick,49536.0,193586.0,487249.0,144050.0,524695.0,210.0,94849.0
2025-05-01,Newfoundland and Labrador,0.0,45636.0,2932839.0,45636.0,,0.0,13700.0
2025-05-01,Nova Scotia,31054.0,282417.0,96093.0,251363.0,,356.0,131370.0
2025-05-01,Ontario,76488.0,1131067.0,4017867.0,1054579.0,7026980.0,245973.0,1099356.0
2025-05-01,Prince Edward Island,338.0,557.0,0.0,219.0,,5031.0,47656.0
2025-05-01,Quebec,85475.0,135518.0,11245482.0,50043.0,0.0,1432.0,887693.0
2025-05-01,Saskatchewan,5522.0,1434935.0,211111.0,1429413.0,,5149.0,237618.0
2025-06-01,Alberta,120887.0,4926360.0,246492.0,4805473.0,,468834.0,1027894.0
2025-06-01,British Columbia,209097.0,311780.0,4088512.0,102683.0,,1081.0,130999.0
2025-06-01,Manitoba,0.0,1154.0,1989247.0,1154.0,,202.0,62256.0
2025-06-01,New Brunswick,65827.0,227396.0,268729.0,161569.0,505649.0,228.0,88236.0
2025-06-01,Newfoundland and Labrador,0.0,33431.0,2439383.0,33431.0,,0.0,13900.0
2025-06-01,Nova Scotia,13482.0,306047.0,53861.0,292565.0,,408.0,123801.0
2025-06-01,Ontario,81779.0,2489194.0,3633960.0,2407415.0,6801170.0,273243.0,974611.0
2025-06-01,Prince Edward Island,275.0,447.0,0.0,172.0,,6170.0,33607.0
2025-06-01,Quebec,97934.0,141577.0,11560662.0,43643.0,0.0,1649.0,785035.0
2025-06-01,Saskatchewan,5135.0,1406828.0,198924.0,1401693.0,,4111.0,232706.0
2025-07-01,Alberta,150560.0,5633375.0,280591.0,5482815.0,,436510.0,885039.0
2025-07-01,British Columbia,259525.0,409902.0,4662037.0,150377.0,,2276.0,110666.0
2025-07-01,Manitoba,4434.0,5902.0,1621754.0,1468.0,,214.0,39144.0
2025-07-01,New Brunswick,70166.0,436398.0,249998.0,366232.0,207330.0,207.0,74957.0
2025-07-01,Newfoundland and Labrador,0.0,36589.0,2524899.0,36589.0,,0.0,12500.0
2025-07-01,Nova Scotia,17495.0,465436.0,20943.0,447941.0,,384.0,101823.0
2025-07-01,Ontario,141244.0,4050197.0,3746644.0,3908953.0,6767580.0,284800.0,577772.0
2025-07-01,Prince Edward Island,304.0,458.0,0.0,154.0,,5193.0,33322.0
2025-07-01,Quebec,118862.0,161299.0,13194246.0,42437.0,0.0,1656.0,698254.0
2025-07-01,Saskatchewan,6036.0,1722709.0,220586.0,1716673.0,,4850.0,169889.0
2025-08-01,Alberta,148251.0,5553340.0,258064.0,5405089.0,,451832.0,879076.0
2025-08-01,British Columbia,255638.0,402858.0,5239011.0,147220.0,,2311.0,99006.0
2025-08-01,Manitoba,1805.0,3085.0,1448319.0,1280.0,,180.0,55270.0
2025-08-01,New Brunswick,68876.0,548612.0,76792.0,479736.0,0.0,266.0,63118.0
2025-08-01,Newfoundland and Labrador,0.0,37845.0,2154493.0,37845.0,,0.0,8000.0
2025-08-01,Nova Scotia,38302.0,510056.0,7771.0,471754.0,,366.0,102833.0
2025-08-01,Ontario,107271.0,3658700.0,2919143.0,3551429.0,6927950.0,260054.0,652700.0
2025-08-01,Prince Edward Island,365.0,416.0,0.0,51.0,,6167.0,27598.0
2025-08-01,Quebec,113973.0,155651.0,12154799.0,41678.0,0.0,1589.0,600760.0
2025-08-01,Saskatchewan,5801.0,1754814.0,259907.0,1749013.0,,4664.0,135918.0
2025-09-01,Alberta,133219.0,5401550.0,200248.0,5268331.0,,356452.0,990430.0
2025-09-01,British Columbia,283412.0,420811.0,5078192.0,137399.0,,4147.0,123854.0
2025-09-01,Manitoba,0.0,878.0,1392552.0,878.0,,172.0,53165.0
2025-09-01,New Brunswick,61321.0,468648.0,57161.0,407327.0,0.0,230.0,66766.0
2025-09-01,Newfoundland and Labrador,0.0,55634.0,1721095.0,55634.0,,0.0,10500.0
2025-09-01,Nova Scotia,21522.0,518527.0,4957.0,497005.0,,926.0,84443.0
2025-09-01,Ontario,87563.0,3050059.0,2446156.0,2962496.0,6377940.0,239056.0,528407.0
2025-09-01,Prince Edward Island,121.0,146.0,0.0,25.0,,4400.0,35930.0
2025-09-01,Quebec,109713.0,150270.0,11703581.0,40557.0,0.0,1502.0,789563.0
2025-09-01,Saskatchewan,5160.0,1540191.0,220948.0,1535031.0,,3506.0,179292.0
2025-10-01,Alberta,141114.0,5398374.0,136048.0,5257260.0,,255098.0,1582960.0
2025-10-01,British Columbia,272194.0,414332.0,4648943.0,142138.0,,1850.0,186759.0
2025-10-01,Manitoba,2144.0,3632.0,1570957.0,1488.0,,127.0,86293.0
2025-10-01,New Brunswick,59004.0,514022.0,39892.0,455018.0,0.0,158.0,93526.0
2025-10-01,Newfoundland and Labrador,0.0,135396.0,1759653.0,135396.0,,0.0,12400.0
2025-10-01,Nova Scotia,23800.0,518870.0,4324.0,495070.0,,915.0,148899.0
2025-10-01,Ontario,77668.0,3223547.0,2442736.0,3145879.0,5825080.0,198922.0,1171608.0
2025-10-01,Prince Edward Island,324.0,372.0,0.0,48.0,,3490.0,42896.0
2025-10-01,Quebec,111429.0,150519.0,12544548.0,39090.0,0.0,775.0,917896.0
2025-10-01,Saskatchewan,5169.0,1589429.0,203625.0,1584260.0,,3579.0,246851.0
2025-11-01,Alberta,126903.0,5647607.0,119439.0,5520704.0,,117235.0,1459521.0
2025-11-01,British Columbia,318063.0,489020.0,4692553.0,170957.0,,1074.0,187649.0
2025-11-01,Manitoba,3713.0,6074.0,1813398.0,2361.0,,106.0,85631.0
2025-11-01,New Brunswick,59908.0,543655.0,142004.0,483747.0,0.0,120.0,123554.0
2025-11-01,Newfoundland and Labrador,1846.0,159234.0,3153745.0,157388.0,,0.0,17300.0
2025-11-01,Nova Scotia,31162.0,591250.0,12323.0,560088.0,,1405.0,165304.0
2025-11-01,Ontario,184596.0,3204333.0,2744415.0,3019737.0,5598240.0,80988.0,1597554.0
2025-11-01,Prince Edward Island,524.0,647.0,0.0,123.0,,1690.0,54571.0
2025-11-01,Quebec,94185.0,142100.0,14776499.0,47915.0,0.0,299.0,1166667.0
2025-11-01,Saskatchewan,6153.0,1706568.0,206182.0,1700415.0,,2339.0,229527.0
2025-12-01,Alberta,142353.0,6270228.0,127967.0,6127875.0,,74215.0,1630323.0
2025-12-01,British Columbia,388689.0,577198.0,5505125.0,188509.0,,909.0,123153.0
2025-12-01,Manitoba,3631.0,6398.0,2202506.0,2767.0,,92.0,90905.0
2025-12-01,New Brunswick,72056.0,787329.0,118700.0,715273.0,249994.0,63.0,138689.0
2025-12-01,Newfoundland and Labrador,0.0,141318.0,4487318.0,141318.0,,0.0,20600.0
2025-12-01,Nova Scotia,39515.0,823997.0,49734.0,784482.0,,284.0,197185.0
2025-12-01,Ontario,140199.0,4186118.0,2999989.0,4045919.0,6714250.0,58818.0,1724945.0
2025-12-01,Prince Edward Island,590.0,761.0,0.0,171.0,,1135.0,63246.0
2025-12-01,Quebec,143769.0,203578.0,18227631.0,59809.0,0.0,325.0,1317829.0
2025-12-01,Saskatchewan,4329.0,1971546.0,230378.0,1967217.0,,1898.0,275051.0
