year,province,technology,generation,generation_total,share_pct
2016,Alberta,Combustible fuels,72518466.0,79058703.0,91.72736618256943
2016,Alberta,Hydro,1952061.0,79058703.0,2.46912854110445
2016,Alberta,Solar,1787.0,79058703.0,0.0022603457079228835
2016,Alberta,Wind,4586389.0,79058703.0,5.801244930618202
2016,British Columbia,Combustible fuels,6608102.0,69546737.0,9.5016707972942
2016,British Columbia,Hydro,61691050.0,69546737.0,88.7044492108954
2016,British Columbia,Solar,0.0,69546737.0,0.0
2016,British Columbia,Wind,1247585.0,69546737.0,1.7938799918103994
2016,Manitoba,Combustible fuels,148613.0,37010056.0,0.4015476226245105
2016,Manitoba,Hydro,35899525.0,37010056.0,96.99938038461762
2016,Manitoba,Solar,0.0,37010056.0,0.0
2016,Manitoba,Wind,961918.0,37010056.0,2.5990719927578603
2016,New Brunswick,Combustible fuels,6617323.0,15185571.0,43.576385767779165
2016,New Brunswick,Hydro,3254739.0,15185571.0,21.433102515539257
2016,New Brunswick,Nuclear,4544840.0,15185571.0,29.928673739038196
2016,New Brunswick,Solar,0.0,15185571.0,0.0
2016,New Brunswick,Wind,768669.0,15185571.0,5.061837977643383
2016,Newfoundland and Labrador,Combustible fuels,2171455.0,41483272.0,5.234531644466232
2016,Newfoundland and Labrador,Hydro,39124168.0,41483272.0,94.31311975583797
2016,Newfoundland and Labrador,Solar,0.0,41483272.0,0.0
2016,Newfoundland and Labrador,Wind,187649.0,41483272.0,0.45234859969580027
2016,Nova Scotia,Combustible fuels,7998113.0,9802018.0,81.59659572141165
2016,Nova Scotia,Hydro,803488.0,9802018.0,8.197169195159608
2016,Nova Scotia,Solar,0.0,9802018.0,0.0
2016,Nova Scotia,Wind,1000417.0,9802018.0,10.206235083428739
2016,Ontario,Combustible fuels,16990322.0,157212117.0,10.807259850078859
2016,Ontario,Hydro,36677184.0,157212117.0,23.329743724524747
2016,Ontario,Nuclear,91142472.0,157212117.0,57.97420309529958
2016,Ontario,Solar,1785323.0,157212117.0,1.1356141206342256
2016,Ontario,Wind,10616816.0,157212117.0,6.753179209462589
2016,Prince Edward Island,Combustible fuels,9894.0,602584.0,1.6419287601396653
2016,Prince Edward Island,Hydro,0.0,602584.0,0.0
2016,Prince Edward Island,Solar,0.0,602584.0,0.0
2016,Prince Edward Island,Wind,592690.0,602584.0,98.35807123986034
2016,Quebec,Combustible fuels,2310922.0,210132369.0,1.0997458463907577
2016,Quebec,Hydro,198055860.0,210132369.0,94.25290398739092
2016,Quebec,Nuclear,,210132369.0,
2016,Quebec,Solar,1488.0,210132369.0,0.0007081250771031854
2016,Quebec,Wind,9764099.0,210132369.0,4.64664204114122
2016,Saskatchewan,Combustible fuels,20593507.0,24616420.0,83.65760333955953
2016,Saskatchewan,Hydro,3284743.0,24616420.0,13.343707167817254
2016,Saskatchewan,Solar,0.0,24616420.0,0.0
2016,Saskatchewan,Wind,738170.0,24616420.0,2.9986894926232166
2017,Alberta,Combustible fuels,74599891.0,81203192.0,91.86817557615223
2017,Alberta,Hydro,2049902.0,81203192.0,2.5244106167649174
2017,Alberta,Solar,1866.0,81203192.0,0.0022979392238669633
2017,Alberta,Wind,4551533.0,81203192.0,5.605115867858988
2017,British Columbia,Combustible fuels,6379784.0,74483505.0,8.565364908646552
2017,British Columbia,Hydro,66510159.0,74483505.0,89.29515199371995
2017,British Columbia,Solar,0.0,74483505.0,0.0
2017,British Columbia,Wind,1593562.0,74483505.0,2.139483097633496
2017,Manitoba,Combustible fuels,158960.0,37076622.0,0.42873377191697776
2017,Manitoba,Hydro,35991071.0,37076622.0,97.0721415775148
2017,Manitoba,Solar,0.0,37076622.0,0.0
2017,Manitoba,Wind,926591.0,37076622.0,2.4991246505682208
2017,New Brunswick,Combustible fuels,4881644.0,13403571.0,36.42047332013237
2017,New Brunswick,Hydro,2583379.0,13403571.0,19.273811434281207
2017,New Brunswick,Nuclear,5119974.0,13403571.0,38.19858155710892
2017,New Brunswick,Solar,0.0,13403571.0,0.0
2017,New Brunswick,Wind,818574.0,13403571.0,6.107133688477496
2017,Newfoundland and Labrador,Combustible fuels,2169625.0,39068766.0,5.5533491894778555
2017,Newfoundland and Labrador,Hydro,36715352.0,39068766.0,93.97622643110867
2017,Newfoundland and Labrador,Solar,0.0,39068766.0,0.0
2017,Newfoundland and Labrador,Wind,183789.0,39068766.0,0.47042437941346804
2017,Nova Scotia,Combustible fuels,7870242.0,10028514.0,78.47864598882745
2017,Nova Scotia,Hydro,848940.0,10028514.0,8.465262151501209
2017,Nova Scotia,Solar,0.0,10028514.0,0.0
2017,Nova Scotia,Wind,1309332.0,10028514.0,13.056091859671334
2017,Ontario,Combustible fuels,10275808.0,152745550.0,6.727402533167087
2017,Ontario,Hydro,39492337.0,152745550.0,25.854983664008543
2017,Ontario,Nuclear,90622670.0,152745550.0,59.32917194641677
2017,Ontario,Solar,2044193.0,152745550.0,1.3382995445693835
2017,Ontario,Wind,10310542.0,152745550.0,6.750142311838217
2017,Prince Edward Island,Combustible fuels,10858.0,615066.0,1.7653390042694606
2017,Prince Edward Island,Hydro,0.0,615066.0,0.0
2017,Prince Edward Island,Solar,0.0,615066.0,0.0
2017,Prince Edward Island,Wind,604208.0,615066.0,98.23466099573054
2017,Quebec,Combustible fuels,2525902.0,214375372.0,1.1782612790055007
2017,Quebec,Hydro,202000727.0,214375372.0,94.22758086222703
2017,Quebec,Nuclear,,214375372.0,
2017,Quebec,Solar,1409.0,214375372.0,0.0006572583346934087
2017,Quebec,Wind,9847334.0,214375372.0,4.593500600432777
2017,Saskatchewan,Combustible fuels,20132400.0,24739133.0,81.37876133330946
2017,Saskatchewan,Hydro,3862101.0,24739133.0,15.611302950673332
2017,Saskatchewan,Solar,0.0,24739133.0,0.0
2017,Saskatchewan,Wind,744632.0,24739133.0,3.0099357160172104
2018,Alberta,Combustible fuels,72958398.0,79100759.0,92.23476351219335
2018,Alberta,Hydro,1997591.0,79100759.0,2.525375262201972
2018,Alberta,Solar,25547.0,79100759.0,0.03229678238612097
2018,Alberta,Wind,4119223.0,79100759.0,5.207564443218554
2018,British Columbia,Combustible fuels,5599378.0,67457336.0,8.300621299364684
2018,British Columbia,Hydro,60434039.0,67457336.0,89.58853489263198
2018,British Columbia,Solar,1558.0,67457336.0,0.0023096079572427824
2018,British Columbia,Wind,1422361.0,67457336.0,2.1085342000460856
2018,Manitoba,Combustible fuels,90972.0,31655933.0,0.2873774088414958
2018,Manitoba,Hydro,30732183.0,31655933.0,97.08190562571636
2018,Manitoba,Solar,0.0,31655933.0,0.0
2018,Manitoba,Wind,832778.0,31655933.0,2.6307169654421494
2018,New Brunswick,Combustible fuels,5404420.0,13640299.0,39.620978982938716
2018,New Brunswick,Hydro,2529550.0,13640299.0,18.54468146189464
2018,New Brunswick,Nuclear,4881975.0,13640299.0,35.790821007662664
2018,New Brunswick,Solar,0.0,13640299.0,0.0
2018,New Brunswick,Wind,824354.0,13640299.0,6.0435185475039805
2018,Newfoundland and Labrador,Combustible fuels,1771895.0,44086177.0,4.019162287535161
2018,Newfoundland and Labrador,Hydro,42105104.0,44086177.0,95.50636245914451
2018,Newfoundland and Labrador,Solar,0.0,44086177.0,0.0
2018,Newfoundland and Labrador,Wind,209178.0,44086177.0,0.47447525332033214
2018,Nova Scotia,Combustible fuels,8075626.0,10189570.0,79.25384486293338
2018,Nova Scotia,Hydro,921865.0,10189570.0,9.04714330437889
2018,Nova Scotia,Solar,0.0,10189570.0,0.0
2018,Nova Scotia,Wind,1192079.0,10189570.0,11.699011832687738
2018,Ontario,Combustible fuels,13353087.0,154626615.0,8.635697677272441
2018,Ontario,Hydro,37687913.0,154626615.0,24.37349676186082
2018,Ontario,Nuclear,90155270.0,154626615.0,58.305143652016184
2018,Ontario,Solar,2176592.0,154626615.0,1.4076438263878441
2018,Ontario,Wind,11253753.0,154626615.0,7.278018082462712
2018,Prince Edward Island,Combustible fuels,20473.0,661555.0,3.0946784469923134
2018,Prince Edward Island,Hydro,0.0,661555.0,0.0
2018,Prince Edward Island,Solar,262.0,661555.0,0.03960366107126392
2018,Prince Edward Island,Wind,640820.0,661555.0,96.86571789193643
2018,Quebec,Combustible fuels,2212202.0,213862455.0,1.0344040986530338
2018,Quebec,Hydro,201007493.0,213862455.0,93.98914503249297
2018,Quebec,Nuclear,,213862455.0,
2018,Quebec,Solar,1513.0,213862455.0,0.0007074640567461923
2018,Quebec,Wind,10641247.0,213862455.0,4.975743404797257
2018,Saskatchewan,Combustible fuels,20292346.0,24533790.0,82.71182723908537
2018,Saskatchewan,Hydro,3546900.0,24533790.0,14.45720371781123
2018,Saskatchewan,Solar,0.0,24533790.0,0.0
2018,Saskatchewan,Wind,694544.0,24533790.0,2.83096904310341
2019,Alberta,Combustible fuels,74921439.0,81524443.0,91.90058373045247
2019,Alberta,Hydro,2543055.0,81524443.0,3.119377338156116
2019,Alberta,Solar,23249.0,81524443.0,0.028517827469241343
2019,Alberta,Wind,4036700.0,81524443.0,4.95152110392217
2019,British Columbia,Combustible fuels,6512614.0,63953269.0,10.183395003623662
2019,British Columbia,Hydro,55936053.0,63953269.0,87.46394652633003
2019,British Columbia,Solar,1504.0,63953269.0,0.002351717157726527
2019,British Columbia,Wind,1503098.0,63953269.0,2.350306752888582
2019,Manitoba,Combustible fuels,106176.0,33927868.0,0.3129462776735632
2019,Manitoba,Hydro,32934890.0,33927868.0,97.07326732112963
2019,Manitoba,Solar,4.0,33927868.0,1.1789718116092648e-05
2019,Manitoba,Wind,886798.0,33927868.0,2.6137746114786817
2019,New Brunswick,Combustible fuels,4640719.0,13538135.0,34.27886485103007
2019,New Brunswick,Hydro,3002774.0,13538135.0,22.18011565108488
2019,New Brunswick,Nuclear,5015678.0,13538135.0,37.04851517583478
2019,New Brunswick,Solar,0.0,13538135.0,0.0
2019,New Brunswick,Wind,878964.0,13538135.0,6.492504322050268
2019,Newfoundland and Labrador,Combustible fuels,1713701.0,42636355.0,4.019342178758011
2019,Newfoundland and Labrador,Hydro,40740718.0,42636355.0,95.55394216977507
2019,Newfoundland and Labrador,Solar,0.0,42636355.0,0.0
2019,Newfoundland and Labrador,Wind,181936.0,42636355.0,0.42671565146692303
2019,Nova Scotia,Combustible fuels,7608565.0,9736379.0,78.14573569907252
2019,Nova Scotia,Hydro,1037083.0,9736379.0,10.65162931722358
2019,Nova Scotia,Solar,0.0,9736379.0,0.0
2019,Nova Scotia,Wind,1090731.0,9736379.0,11.2026349837039
2019,Ontario,Combustible fuels,13594197.0,156273921.0,8.698954318807935
2019,Ontario,Hydro,38322378.0,156273921.0,24.522567652218825
2019,Ontario,Nuclear,90453578.0,156273921.0,57.88142859741774
2019,Ontario,Solar,2422880.0,156273921.0,1.5504058415479318
2019,Ontario,Wind,11480888.0,156273921.0,7.346643590007574
2019,Prince Edward Island,Combustible fuels,5862.0,652919.0,0.8978142771155381
2019,Prince Edward Island,Hydro,0.0,652919.0,0.0
2019,Prince Edward Island,Solar,566.0,652919.0,0.08668762894019014
2019,Prince Edward Island,Wind,646491.0,652919.0,99.01549809394427
2019,Quebec,Combustible fuels,2001452.0,212142239.0,0.9434481362290138
2019,Quebec,Hydro,198829843.0,212142239.0,93.72477821354568
2019,Quebec,Nuclear,,212142239.0,
2019,Quebec,Solar,1379.0,212142239.0,0.0006500355641103608
2019,Quebec,Wind,11309565.0,212142239.0,5.331123614661199
2019,Saskatchewan,Combustible fuels,19977752.0,24415244.0,81.82491233755435
2019,Saskatchewan,Hydro,3666114.0,24415244.0,15.015676271758743
2019,Saskatchewan,Solar,4.0,24415244.0,1.638320714714135e-05
2019,Saskatchewan,Wind,771374.0,24415244.0,3.159395007479753
2020,Alberta,Combustible fuels,67670804.0,75417149.0,89.72866900603734
2020,Alberta,Hydro,2434336.0,75417149.0,3.2278281959451953
2020,Alberta,Solar,26344.0,75417149.0,0.034931047313920605
2020,Alberta,Wind,5285665.0,75417149.0,7.008571750703544
2020,British Columbia,Combustible fuels,5741164.0,72620857.0,7.9056682021805385
2020,British Columbia,Hydro,63863308.0,72620857.0,87.94072479756056
2020,British Columbia,Solar,1770.0,72620857.0,0.0024373163208470535
2020,British Columbia,Wind,3014615.0,72620857.0,4.151169683938045
2020,Manitoba,Combustible fuels,108932.0,37238137.0,0.292528060681446
2020,Manitoba,Hydro,36170418.0,37238137.0,97.13272712864234
2020,Manitoba,Solar,419.0,37238137.0,0.0011251905539742765
2020,Manitoba,Wind,958368.0,37238137.0,2.573619620122242
2020,New Brunswick,Combustible fuels,3789915.0,12251953.0,30.93315000473802
2020,New Brunswick,Hydro,2771095.0,12251953.0,22.617577785353895
2020,New Brunswick,Nuclear,4795083.0,12251953.0,39.13729509083164
2020,New Brunswick,Solar,0.0,12251953.0,0.0
2020,New Brunswick,Wind,895860.0,12251953.0,7.311977119076444
2020,Newfoundland and Labrador,Combustible fuels,1506111.0,40008629.0,3.7644654106992768
2020,Newfoundland and Labrador,Hydro,38324062.0,40008629.0,95.78949081209456
2020,Newfoundland and Labrador,Solar,0.0,40008629.0,0.0
2020,Newfoundland and Labrador,Wind,178456.0,40008629.0,0.4460437772061622
2020,Nova Scotia,Combustible fuels,7426287.0,9090791.0,81.69021815593385
2020,Nova Scotia,Hydro,754117.0,9090791.0,8.295394757177895
2020,Nova Scotia,Solar,0.0,9090791.0,0.0
2020,Nova Scotia,Wind,910387.0,9090791.0,10.01438708688826
2020,Ontario,Combustible fuels,13191727.0,155308153.0,8.493905017336727
2020,Ontario,Hydro,39022698.0,155308153.0,25.125981634718173
2020,Ontario,Nuclear,87856772.0,155308153.0,56.56932382680515
2020,Ontario,Solar,2538661.0,155308153.0,1.6345960923249148
2020,Ontario,Wind,12698295.0,155308153.0,8.176193428815035
2020,Prince Edward Island,Combustible fuels,5486.0,650191.0,0.8437520667004004
2020,Prince Edward Island,Hydro,0.0,650191.0,0.0
2020,Prince Edward Island,Solar,573.0,650191.0,0.0881279500946645
2020,Prince Edward Island,Wind,644132.0,650191.0,99.06811998320494
2020,Quebec,Combustible fuels,2025703.0,207014654.0,0.9785312106456
2020,Quebec,Hydro,194150539.0,207014654.0,93.7858916016641
2020,Quebec,Nuclear,,207014654.0,
2020,Quebec,Solar,1427.0,207014654.0,0.0006893231819231502
2020,Quebec,Wind,10836985.0,207014654.0,5.234887864508375
2020,Saskatchewan,Combustible fuels,19186158.0,24429241.0,78.53767540301395
2020,Saskatchewan,Hydro,4423240.0,24429241.0,18.106334126385672
2020,Saskatchewan,Solar,27.0,24429241.0,0.00011052328641728984
2020,Saskatchewan,Wind,819816.0,24429241.0,3.3558799473139587
2021,Alberta,Combustible fuels,65538584.0,74704480.0,87.73046007414817
2021,Alberta,Hydro,2132084.0,74704480.0,2.8540242834164697
2021,Alberta,Solar,254061.0,74704480.0,0.34008803755812234
2021,Alberta,Wind,6779751.0,74704480.0,9.075427604877245
2021,British Columbia,Combustible fuels,6180736.0,71985161.0,8.586125132094933
2021,British Columbia,Hydro,63801584.0,71985161.0,88.63157783310369
2021,British Columbia,Solar,4316.0,71985161.0,0.0059956801374661094
2021,British Columbia,Wind,1998525.0,71985161.0,2.776301354663915
2021,Manitoba,Combustible fuels,107882.0,29008085.0,0.3719032125009286
2021,Manitoba,Hydro,27938212.0,29008085.0,96.31181100027803
2021,Manitoba,Solar,2010.0,29008085.0,0.006929102696713692
2021,Manitoba,Wind,959981.0,29008085.0,3.3093566845243316
2021,New Brunswick,Combustible fuels,4601923.0,12351320.0,37.25855212236425
2021,New Brunswick,Hydro,2622258.0,12351320.0,21.230589119219648
2021,New Brunswick,Nuclear,4418515.0,12351320.0,35.77362581489266
2021,New Brunswick,Solar,0.0,12351320.0,0.0
2021,New Brunswick,Wind,708624.0,12351320.0,5.737232943523446
2021,Newfoundland and Labrador,Combustible fuels,1374830.0,41504729.0,3.3124659120169175
2021,Newfoundland and Labrador,Hydro,39972406.0,41504729.0,96.30807612308467
2021,Newfoundland and Labrador,Solar,0.0,41504729.0,0.0
2021,Newfoundland and Labrador,Wind,157493.0,41504729.0,0.37945796489840955
2021,Nova Scotia,Combustible fuels,7229401.0,9114782.0,79.31512788786391
2021,Nova Scotia,Hydro,779657.0,9114782.0,8.553764642972261
2021,Nova Scotia,Solar,0.0,9114782.0,0.0
2021,Nova Scotia,Wind,1105724.0,9114782.0,12.131107469163826
2021,Ontario,Combustible fuels,15605363.0,149148873.0,10.462943960696236
2021,Ontario,Hydro,35481408.0,149148873.0,23.789256523580974
2021,Ontario,Nuclear,82957735.0,149148873.0,55.62075886419873
2021,Ontario,Solar,2470553.0,149148873.0,1.6564342393656573
2021,Ontario,Wind,12633814.0,149148873.0,8.470606412158407
2021,Prince Edward Island,Combustible fuels,6534.0,603629.0,1.082452963658141
2021,Prince Edward Island,Hydro,0.0,603629.0,0.0
2021,Prince Edward Island,Solar,553.0,603629.0,0.09161256334602877
2021,Prince Edward Island,Wind,596542.0,603629.0,98.82593447299583
2021,Quebec,Combustible fuels,2068854.0,212945705.0,0.9715406093773997
2021,Quebec,Hydro,200516192.0,212945705.0,94.16306001569743
2021,Quebec,Nuclear,,212945705.0,
2021,Quebec,Solar,4044.0,212945705.0,0.0018990756352658064
2021,Quebec,Wind,10356615.0,212945705.0,4.863500299289906
2021,Saskatchewan,Combustible fuels,20824292.0,24677361.0,84.38621941787049
2021,Saskatchewan,Hydro,2982414.0,24677361.0,12.085627794641413
2021,Saskatchewan,Solar,4271.0,24677361.0,0.01730736118825672
2021,Saskatchewan,Wind,866384.0,24677361.0,3.5108454262998383
2022,Alberta,Combustible fuels,64598645.0,74921970.0,86.22123123564423
2022,Alberta,Hydro,2256567.0,74921970.0,3.011889569908533
2022,Alberta,Solar,850958.0,74921970.0,1.135792345022428
2022,Alberta,Wind,7215800.0,74921970.0,9.631086849424808
2022,British Columbia,Combustible fuels,4810408.0,68833622.0,6.988456891023401
2022,British Columbia,Hydro,62583879.0,68833622.0,90.92050829462382
2022,British Columbia,Solar,5291.0,68833622.0,0.007686650573174836
2022,British Columbia,Wind,1434044.0,68833622.0,2.0833481637796134
2022,Manitoba,Combustible fuels,111641.0,37837943.0,0.29505039425636853
2022,Manitoba,Hydro,36737324.0,37837943.0,97.09122929859058
2022,Manitoba,Solar,222.0,37837943.0,0.0005867126550721851
2022,Manitoba,Wind,988756.0,37837943.0,2.6131335944979885
2022,New Brunswick,Combustible fuels,4958475.0,12371390.0,40.08017692433914
2022,New Brunswick,Hydro,3317297.0,12371390.0,26.81426258488335
2022,New Brunswick,Nuclear,3539920.0,12371390.0,28.61376126692312
2022,New Brunswick,Solar,0.0,12371390.0,0.0
2022,New Brunswick,Wind,555698.0,12371390.0,4.491799223854393
2022,Newfoundland and Labrador,Combustible fuels,1227653.0,41562049.0,2.953783630831098
2022,Newfoundland and Labrador,Hydro,40156473.0,41562049.0,96.61812631037512
2022,Newfoundland and Labrador,Solar,0.0,41562049.0,0.0
2022,Newfoundland and Labrador,Wind,177923.0,41562049.0,0.4280900587937808
2022,Nova Scotia,Combustible fuels,6726593.0,8990405.0,74.81968832327354
2022,Nova Scotia,Hydro,883221.0,8990405.0,9.824040185063966
2022,Nova Scotia,Solar,0.0,8990405.0,0.0
2022,Nova Scotia,Wind,1380591.0,8990405.0,15.3562714916625
2022,Ontario,Combustible fuels,18568966.0,153433397.0,12.102297389661523
2022,Ontario,Hydro,39510420.0,153433397.0,25.75086048573897
2022,Ontario,Nuclear,78761095.0,153433397.0,51.332432534228516
2022,Ontario,Solar,2285759.0,153433397.0,1.4897402030406717
2022,Ontario,Wind,14307157.0,153433397.0,9.32466938733032
2022,Prince Edward Island,Combustible fuels,5933.0,532891.0,1.1133608936912052
2022,Prince Edward Island,Hydro,0.0,532891.0,0.0
2022,Prince Edward Island,Solar,579.0,532891.0,0.10865261376153848
2022,Prince Edward Island,Wind,526379.0,532891.0,98.77798649254726
2022,Quebec,Combustible fuels,2045926.0,215815489.0,0.9479977593267183
2022,Quebec,Hydro,202857888.0,215815489.0,93.99598191026966
2022,Quebec,Nuclear,,215815489.0,
2022,Quebec,Solar,14448.0,215815489.0,0.006694607540425423
2022,Quebec,Wind,10897227.0,215815489.0,5.0493257228632
2022,Saskatchewan,Combustible fuels,19276095.0,24196175.0,79.6658769412934
2022,Saskatchewan,Hydro,3304033.0,24196175.0,13.655187235172502
2022,Saskatchewan,Solar,30097.0,24196175.0,0.12438742900479105
2022,Saskatchewan,Wind,1585950.0,24196175.0,6.5545483945293
2023,Alberta,Combustible fuels,62545768.0,77169782.0,81.04955901002805
2023,Alberta,Hydro,1964256.0,77169782.0,2.545369377873842
2023,Alberta,Solar,2293999.0,77169782.0,2.972664870298584
2023,Alberta,Wind,10365759.0,77169782.0,13.43240674179953
2023,British Columbia,Combustible fuels,5274995.0,56102953.0,9.40234821507524
2023,British Columbia,Hydro,49132268.0,56102953.0,87.57519056082485
2023,British Columbia,Solar,3591.0,56102953.0,0.006400732596018609
2023,British Columbia,Wind,1692099.0,56102953.0,3.016060491503896
2023,Manitoba,Combustible fuels,124871.0,33255763.0,0.37548679908501875
2023,Manitoba,Hydro,32307484.0,33255763.0,97.14852730938695
2023,Manitoba,Solar,1461.0,33255763.0,0.0043932235143725315
2023,Manitoba,Wind,821947.0,33255763.0,2.471592668013661
2023,New Brunswick,Combustible fuels,6686573.0,15822158.0,42.26081549684942
2023,New Brunswick,Hydro,3768713.0,15822158.0,23.81920974370247
2023,New Brunswick,Nuclear,4745491.0,15822158.0,29.99269126246875
2023,New Brunswick,Solar,771.0,15822158.0,0.004872913037526233
2023,New Brunswick,Wind,620610.0,15822158.0,3.9224105839418364
2023,Newfoundland and Labrador,Combustible fuels,1000990.0,46111737.0,2.1707922215118463
2023,Newfoundland and Labrador,Hydro,44938488.0,46111737.0,97.45563911418041
2023,Newfoundland and Labrador,Solar,0.0,46111737.0,0.0
2023,Newfoundland and Labrador,Wind,172259.0,46111737.0,0.3735686643077445
2023,Nova Scotia,Combustible fuels,6017210.0,8277190.0,72.69628944122341
2023,Nova Scotia,Hydro,959527.0,8277190.0,11.592424482221624
2023,Nova Scotia,Solar,2395.0,8277190.0,0.028934940481008652
2023,Nova Scotia,Wind,1298058.0,8277190.0,15.682351136073958
2023,Ontario,Combustible fuels,22724032.0,156252946.0,14.543106278456984
2023,Ontario,Hydro,38826415.0,156252946.0,24.848437097627585
2023,Ontario,Nuclear,79820348.0,156252946.0,51.084059560707416
2023,Ontario,Solar,2301785.0,156252946.0,1.4731146253076086
2023,Ontario,Wind,12580366.0,156252946.0,8.051282437900403
2023,Prince Edward Island,Combustible fuels,5650.0,504199.0,1.1205892911330646
2023,Prince Edward Island,Hydro,0.0,504199.0,0.0
2023,Prince Edward Island,Solar,539.0,504199.0,0.10690223503021624
2023,Prince Edward Island,Wind,498010.0,504199.0,98.77250847383672
2023,Quebec,Combustible fuels,1951057.0,195591413.0,0.9975166956843857
2023,Quebec,Hydro,184021839.0,195591413.0,94.08482518606274
2023,Quebec,Nuclear,,195591413.0,
2023,Quebec,Solar,12926.0,195591413.0,0.006608674584297829
2023,Quebec,Wind,9605591.0,195591413.0,4.911049443668572
2023,Saskatchewan,Combustible fuels,19934535.0,24672845.0,80.79544535703118
2023,Saskatchewan,Hydro,2703966.0,24672845.0,10.95927932105114
2023,Saskatchewan,Solar,49063.0,24672845.0,0.19885424643976
2023,Saskatchewan,Wind,1985281.0,24672845.0,8.04642107547792
2024,Alberta,Combustible fuels,63132914.0,80582490.0,78.3456976819654
2024,Alberta,Hydro,1826268.0,80582490.0,2.266333542187639
2024,Alberta,Solar,2792114.0,80582490.0,3.464914027848978
2024,Alberta,Wind,12831194.0,80582490.0,15.923054747997984
2024,British Columbia,Combustible fuels,5534775.0,59043931.0,9.373994763322923
2024,British Columbia,Hydro,51729850.0,59043931.0,87.61247620860475
2024,British Columbia,Solar,3392.0,59043931.0,0.005744874947435326
2024,British Columbia,Wind,1775914.0,59043931.0,3.0077841531248994
2024,Manitoba,Combustible fuels,108572.0,30441331.0,0.3566598319896065
2024,Manitoba,Hydro,29422657.0,30441331.0,96.65364829152838
2024,Manitoba,Solar,1738.0,30441331.0,0.005709342998175737
2024,Manitoba,Wind,908364.0,30441331.0,2.983982533483835
2024,New Brunswick,Combustible fuels,6068877.0,11450258.0,53.00209829333103
2024,New Brunswick,Hydro,2629267.0,11450258.0,22.962513159092136
2024,New Brunswick,Nuclear,1766511.0,11450258.0,15.42769603968749
2024,New Brunswick,Solar,2575.0,11450258.0,0.022488576239941493
2024,New Brunswick,Wind,983028.0,11450258.0,8.585203931649401
2024,Newfoundland and Labrador,Combustible fuels,1119879.0,42364153.0,2.643458963997227
2024,Newfoundland and Labrador,Hydro,41070460.0,42364153.0,96.94625548160965
2024,Newfoundland and Labrador,Solar,0.0,42364153.0,0.0
2024,Newfoundland and Labrador,Wind,173814.0,42364153.0,0.410285554393121
2024,Nova Scotia,Combustible fuels,6502717.0,8830941.0,73.63560689625263
2024,Nova Scotia,Hydro,728045.0,8830941.0,8.244251660157168
2024,Nova Scotia,Solar,2744.0,8830941.0,0.031072566332398778
2024,Nova Scotia,Wind,1597435.0,8830941.0,18.089068877257816
2024,Ontario,Combustible fuels,28803268.0,164241110.0,17.53718542209073
2024,Ontario,Hydro,39282645.0,164241110.0,23.91766896850612
2024,Ontario,Nuclear,79968639.0,164241110.0,48.689782357169896
2024,Ontario,Solar,2324796.0,164241110.0,1.4154775256937804
2024,Ontario,Wind,13861762.0,164241110.0,8.439885726539476
2024,Prince Edward Island,Combustible fuels,5500.0,569265.0,0.9661581161673386
2024,Prince Edward Island,Hydro,0.0,569265.0,0.0
2024,Prince Edward Island,Solar,32073.0,569265.0,5.634107138151827
2024,Prince Edward Island,Wind,531692.0,569265.0,93.39973474568083
2024,Quebec,Combustible fuels,2330029.0,185521599.0,1.2559340866828126
2024,Quebec,Hydro,172164363.0,185521599.0,92.80017201662864
2024,Quebec,Nuclear,,185521599.0,
2024,Quebec,Solar,14590.0,185521599.0,0.007864313416142991
2024,Quebec,Wind,11012617.0,185521599.0,5.936029583272404
2024,Saskatchewan,Combustible fuels,20097708.0,24703970.0,81.35416291389602
2024,Saskatchewan,Hydro,2406896.0,24703970.0,9.742952246136957
2024,Saskatchewan,Solar,55891.0,24703970.0,0.22624298847513172
2024,Saskatchewan,Wind,2143475.0,24703970.0,8.676641851491885
2025,Alberta,Combustible fuels,65825792.0,86392191.0,76.19414583431505
2025,Alberta,Hydro,2081350.0,86392191.0,2.40918765447215
2025,Alberta,Solar,3535210.0,86392191.0,4.092048088003695
2025,Alberta,Wind,14949839.0,86392191.0,17.304618423209106
2025,British Columbia,Combustible fuels,5504173.0,64537763.0,8.528608281635048
2025,British Columbia,Hydro,57268726.0,64537763.0,88.73676950965901
2025,British Columbia,Solar,16172.0,64537763.0,0.025058197322395573
2025,British Columbia,Wind,1748692.0,64537763.0,2.7095640113835366
2025,Manitoba,Combustible fuels,69934.0,26402341.0,0.2648780272931101
2025,Manitoba,Hydro,25418979.0,26402341.0,96.27547420889685
2025,Manitoba,Solar,2120.0,26402341.0,0.008029591012403029
2025,Manitoba,Wind,911308.0,26402341.0,3.451618172797632
2025,New Brunswick,Combustible fuels,5921929.0,12937726.0,45.77256466862878
2025,New Brunswick,Hydro,2555441.0,12937726.0,19.75185592893218
2025,New Brunswick,Nuclear,3296023.0,12937726.0,25.476061249094315
2025,New Brunswick,Solar,1933.0,12937726.0,0.014940801807056356
2025,New Brunswick,Wind,1162400.0,12937726.0,8.984577351537666
2025,Newfoundland and Labrador,Combustible fuels,1250397.0,37360605.0,3.3468328470590882
2025,Newfoundland and Labrador,Hydro,35929208.0,37360605.0,96.16869962357408
2025,Newfoundland and Labrador,Solar,0.0,37360605.0,0.0
2025,Newfoundland and Labrador,Wind,181000.0,37360605.0,0.484467529366829
2025,Nova Scotia,Combustible fuels,6694044.0,9022237.0,74.19494743931023
2025,Nova Scotia,Hydro,617270.0,9022237.0,6.841651355423273
2025,Nova Scotia,Solar,5863.0,9022237.0,0.06498388370866338
2025,Nova Scotia,Wind,1705060.0,9022237.0,18.898417321557837
2025,Ontario,Combustible fuels,35618296.0,169665416.0,20.99325651610697
2025,Ontario,Hydro,38793227.0,169665416.0,22.864545948480156
2025,Ontario,Nuclear,78276140.0,169665416.0,46.13558958886471
2025,Ontario,Solar,2282600.0,169665416.0,1.3453537284227683
2025,Ontario,Wind,14695153.0,169665416.0,8.661254218125396
2025,Prince Edward Island,Combustible fuels,7212.0,633976.0,1.1375824952364126
2025,Prince Edward Island,Hydro,0.0,633976.0,0.0
2025,Prince Edward Island,Solar,48684.0,633976.0,7.679155046878746
2025,Prince Edward Island,Wind,578080.0,633976.0,91.18326245788484
2025,Quebec,Combustible fuels,1959034.0,191069260.0,1.025300459111005
2025,Quebec,Hydro,177298645.0,191069260.0,92.79286736129087
2025,Quebec,Nuclear,,191069260.0,
2025,Quebec,Solar,12079.0,191069260.0,0.006321791375546229
2025,Quebec,Wind,11799502.0,191069260.0,6.175510388222574
2025,Saskatchewan,Combustible fuels,19561486.0,25163103.0,77.73876695572879
2025,Saskatchewan,Hydro,2828125.0,25163103.0,11.23917427830741
2025,Saskatchewan,Solar,46694.0,25163103.0,0.18556534939271996
2025,Saskatchewan,Wind,2726798.0,25163103.0,10.83649341657108
