year,province,technology,generation
2016,Alberta,Biomass,
2016,Alberta,Combustible fuels,72518466.0
2016,Alberta,Hydro,1952061.0
2016,Alberta,Non-renewable combustibles,
2016,Alberta,Solar,1787.0
2016,Alberta,Wind,4586389.0
2016,British Columbia,Biomass,
2016,British Columbia,Combustible fuels,6608102.0
2016,British Columbia,Hydro,61691050.0
2016,British Columbia,Non-renewable combustibles,
2016,British Columbia,Solar,0.0
2016,British Columbia,Wind,1247585.0
2016,Manitoba,Biomass,
2016,Manitoba,Combustible fuels,148613.0
2016,Manitoba,Hydro,35899525.0
2016,Manitoba,Non-renewable combustibles,
2016,Manitoba,Solar,0.0
2016,Manitoba,Wind,961918.0
2016,New Brunswick,Biomass,
2016,New Brunswick,Combustible fuels,6617323.0
2016,New Brunswick,Hydro,3254739.0
2016,New Brunswick,Non-renewable combustibles,
2016,New Brunswick,Nuclear,4544840.0
2016,New Brunswick,Solar,0.0
2016,New Brunswick,Wind,768669.0
2016,Newfoundland and Labrador,Biomass,
2016,Newfoundland and Labrador,Combustible fuels,2171455.0
2016,Newfoundland and Labrador,Hydro,39124168.0
2016,Newfoundland and Labrador,Non-renewable combustibles,
2016,Newfoundland and Labrador,Solar,0.0
2016,Newfoundland and Labrador,Wind,187649.0
2016,Nova Scotia,Biomass,
2016,Nova Scotia,Combustible fuels,7998113.0
2016,Nova Scotia,Hydro,803488.0
2016,Nova Scotia,Non-renewable combustibles,
2016,Nova Scotia,Solar,0.0
2016,Nova Scotia,Wind,1000417.0
2016,Ontario,Biomass,
2016,Ontario,Combustible fuels,16990322.0
2016,Ontario,Hydro,36677184.0
2016,Ontario,Non-renewable combustibles,
2016,Ontario,Nuclear,91142472.0
2016,Ontario,Solar,1785323.0
2016,Ontario,Wind,10616816.0
2016,Prince Edward Island,Biomass,
2016,Prince Edward Island,Combustible fuels,9894.0
2016,Prince Edward Island,Hydro,0.0
2016,Prince Edward Island,Non-renewable combustibles,
2016,Prince Edward Island,Solar,0.0
2016,Prince Edward Island,Wind,592690.0
2016,Quebec,Biomass,
2016,Quebec,Combustible fuels,2310922.0
2016,Quebec,Hydro,198055860.0
2016,Quebec,Non-renewable combustibles,
2016,Quebec,Nuclear,
2016,Quebec,Solar,1488.0
2016,Quebec,Wind,9764099.0
2016,Saskatchewan,Biomass,
2016,Saskatchewan,Combustible fuels,20593507.0
2016,Saskatchewan,Hydro,3284743.0
2016,Saskatchewan,Non-renewable combustibles,
2016,Saskatchewan,Solar,0.0
2016,Saskatchewan,Wind,738170.0
2017,Alberta,Biomass,
2017,Alberta,Combustible fuels,74599891.0
2017,Alberta,Hydro,2049902.0
2017,Alberta,Non-renewable combustibles,
2017,Alberta,Solar,1866.0
2017,Alberta,Wind,4551533.0
2017,British Columbia,Biomass,
2017,British Columbia,Combustible fuels,6379784.0
2017,British Columbia,Hydro,66510159.0
2017,British Columbia,Non-renewable combustibles,
2017,British Columbia,Solar,0.0
2017,British Columbia,Wind,1593562.0
2017,Manitoba,Biomass,
2017,Manitoba,Combustible fuels,158960.0
2017,Manitoba,Hydro,35991071.0
2017,Manitoba,Non-renewable combustibles,
2017,Manitoba,Solar,0.0
2017,Manitoba,Wind,926591.0
2017,New Brunswick,Biomass,
2017,New Brunswick,Combustible fuels,4881644.0
2017,New Brunswick,Hydro,2583379.0
2017,New Brunswick,Non-renewable combustibles,
2017,New Brunswick,Nuclear,5119974.0
2017,New Brunswick,Solar,0.0
2017,New Brunswick,Wind,818574.0
2017,Newfoundland and Labrador,Biomass,
2017,Newfoundland and Labrador,Combustible fuels,2169625.0
2017,Newfoundland and Labrador,Hydro,36715352.0
2017,Newfoundland and Labrador,Non-renewable combustibles,
2017,Newfoundland and Labrador,Solar,0.0
2017,Newfoundland and Labrador,Wind,183789.0
2017,Nova Scotia,Biomass,
2017,Nova Scotia,Combustible fuels,7870242.0
2017,Nova Scotia,Hydro,848940.0
2017,Nova Scotia,Non-renewable combustibles,
2017,Nova Scotia,Solar,0.0
2017,Nova Scotia,Wind,1309332.0
2017,Ontario,Biomass,
2017,Ontario,Combustible fuels,10275808.0
2017,Ontario,Hydro,39492337.0
2017,Ontario,Non-renewable combustibles,
2017,Ontario,Nuclear,90622670.0
2017,Ontario,Solar,2044193.0
2017,Ontario,Wind,10310542.0
2017,Prince Edward Island,Biomass,
2017,Prince Edward Island,Combustible fuels,10858.0
2017,Prince Edward Island,Hydro,0.0
2017,Prince Edward Island,Non-renewable combustibles,
2017,Prince Edward Island,Solar,0.0
2017,Prince Edward Island,Wind,604208.0
2017,Quebec,Biomass,
2017,Quebec,Combustible fuels,2525902.0
2017,Quebec,Hydro,202000727.0
2017,Quebec,Non-renewable combustibles,
2017,Quebec,Nuclear,
2017,Quebec,Solar,1409.0
2017,Quebec,Wind,9847334.0
2017,Saskatchewan,Biomass,
2017,Saskatchewan,Combustible fuels,20132400.0
2017,Saskatchewan,Hydro,3862101.0
2017,Saskatchewan,Non-renewable combustibles,
2017,Saskatchewan,Solar,0.0
2017,Saskatchewan,Wind,744632.0
2018,Alberta,Biomass,
2018,Alberta,Combustible fuels,72958398.0
2018,Alberta,Hydro,1997591.0
2018,Alberta,Non-renewable combustibles,
2018,Alberta,Solar,25547.0
2018,Alberta,Wind,4119223.0
2018,British Columbia,Biomass,
2018,British Columbia,Combustible fuels,5599378.0
2018,British Columbia,Hydro,60434039.0
2018,British Columbia,Non-renewable combustibles,
2018,British Columbia,Solar,1558.0
2018,British Columbia,Wind,1422361.0
2018,Manitoba,Biomass,
2018,Manitoba,Combustible fuels,90972.0
2018,Manitoba,Hydro,30732183.0
2018,Manitoba,Non-renewable combustibles,
2018,Manitoba,Solar,0.0
2018,Manitoba,Wind,832778.0
2018,New Brunswick,Biomass,
2018,New Brunswick,Combustible fuels,5404420.0
2018,New Brunswick,Hydro,2529550.0
2018,New Brunswick,Non-renewable combustibles,
2018,New Brunswick,Nuclear,4881975.0
2018,New Brunswick,Solar,0.0
2018,New Brunswick,Wind,824354.0
2018,Newfoundland and Labrador,Biomass,
2018,Newfoundland and Labrador,Combustible fuels,1771895.0
2018,Newfoundland and Labrador,Hydro,42105104.0
2018,Newfoundland and Labrador,Non-renewable combustibles,
2018,Newfoundland and Labrador,Solar,0.0
2018,Newfoundland and Labrador,Wind,209178.0
2018,Nova Scotia,Biomass,
2018,Nova Scotia,Combustible fuels,8075626.0
2018,Nova Scotia,Hydro,921865.0
2018,Nova Scotia,Non-renewable combustibles,
2018,Nova Scotia,Solar,0.0
2018,Nova Scotia,Wind,1192079.0
2018,Ontario,Biomass,
2018,Ontario,Combustible fuels,13353087.0
2018,Ontario,Hydro,37687913.0
2018,Ontario,Non-renewable combustibles,
2018,Ontario,Nuclear,90155270.0
2018,Ontario,Solar,2176592.0
2018,Ontario,Wind,11253753.0
2018,Prince Edward Island,Biomass,
2018,Prince Edward Island,Combustible fuels,20473.0
2018,Prince Edward Island,Hydro,0.0
2018,Prince Edward Island,Non-renewable combustibles,
2018,Prince Edward Island,Solar,262.0
2018,Prince Edward Island,Wind,640820.0
2018,Quebec,Biomass,
2018,Quebec,Combustible fuels,2212202.0
2018,Quebec,Hydro,201007493.0
2018,Quebec,Non-renewable combustibles,
2018,Quebec,Nuclear,
2018,Quebec,Solar,1513.0
2018,Quebec,Wind,10641247.0
2018,Saskatchewan,Biomass,
2018,Saskatchewan,Combustible fuels,20292346.0
2018,Saskatchewan,Hydro,3546900.0
2018,Saskatchewan,Non-renewable combustibles,
2018,Saskatchewan,Solar,0.0
2018,Saskatchewan,Wind,694544.0
2019,Alberta,Biomass,
2019,Alberta,Combustible fuels,74921439.0
2019,Alberta,Hydro,2543055.0
2019,Alberta,Non-renewable combustibles,
2019,Alberta,Solar,23249.0
2019,Alberta,Wind,4036700.0
2019,British Columbia,Biomass,
2019,British Columbia,Combustible fuels,6512614.0
2019,British Columbia,Hydro,55936053.0
2019,British Columbia,Non-renewable combustibles,
2019,British Columbia,Solar,1504.0
2019,British Columbia,Wind,1503098.0
2019,Manitoba,Biomass,
2019,Manitoba,Combustible fuels,106176.0
2019,Manitoba,Hydro,32934890.0
2019,Manitoba,Non-renewable combustibles,
2019,Manitoba,Solar,4.0
2019,Manitoba,Wind,886798.0
2019,New Brunswick,Biomass,
2019,New Brunswick,Combustible fuels,4640719.0
2019,New Brunswick,Hydro,3002774.0
2019,New Brunswick,Non-renewable combustibles,
2019,New Brunswick,Nuclear,5015678.0
2019,New Brunswick,Solar,0.0
2019,New Brunswick,Wind,878964.0
2019,Newfoundland and Labrador,Biomass,
2019,Newfoundland and Labrador,Combustible fuels,1713701.0
2019,Newfoundland and Labrador,Hydro,40740718.0
2019,Newfoundland and Labrador,Non-renewable combustibles,
2019,Newfoundland and Labrador,Solar,0.0
2019,Newfoundland and Labrador,Wind,181936.0
2019,Nova Scotia,Biomass,
2019,Nova Scotia,Combustible fuels,7608565.0
2019,Nova Scotia,Hydro,1037083.0
2019,Nova Scotia,Non-renewable combustibles,
2019,Nova Scotia,Solar,0.0
2019,Nova Scotia,Wind,1090731.0
2019,Ontario,Biomass,
2019,Ontario,Combustible fuels,13594197.0
2019,Ontario,Hydro,38322378.0
2019,Ontario,Non-renewable combustibles,
2019,Ontario,Nuclear,90453578.0
2019,Ontario,Solar,2422880.0
2019,Ontario,Wind,11480888.0
2019,Prince Edward Island,Biomass,
2019,Prince Edward Island,Combustible fuels,5862.0
2019,Prince Edward Island,Hydro,0.0
2019,Prince Edward Island,Non-renewable combustibles,
2019,Prince Edward Island,Solar,566.0
2019,Prince Edward Island,Wind,646491.0
2019,Quebec,Biomass,
2019,Quebec,Combustible fuels,2001452.0
2019,Quebec,Hydro,198829843.0
2019,Quebec,Non-renewable combustibles,
2019,Quebec,Nuclear,
2019,Quebec,Solar,1379.0
2019,Quebec,Wind,11309565.0
2019,Saskatchewan,Biomass,
2019,Saskatchewan,Combustible fuels,19977752.0
2019,Saskatchewan,Hydro,3666114.0
2019,Saskatchewan,Non-renewable combustibles,
2019,Saskatchewan,Solar,4.0
2019,Saskatchewan,Wind,771374.0
2020,Alberta,Biomass,1668225.0
2020,Alberta,Combustible fuels,67670804.0
2020,Alberta,Hydro,2434336.0
2020,Alberta,Non-renewable combustibles,66002579.0
2020,Alberta,Solar,26344.0
2020,Alberta,Wind,5285665.0
2020,British Columbia,Biomass,4134069.0
2020,British Columbia,Combustible fuels,5741164.0
2020,British Columbia,Hydro,63863308.0
2020,British Columbia,Non-renewable combustibles,1607095.0
2020,British Columbia,Solar,1770.0
2020,British Columbia,Wind,3014615.0
2020,Manitoba,Biomass,83958.0
2020,Manitoba,Combustible fuels,108932.0
2020,Manitoba,Hydro,36170418.0
2020,Manitoba,Non-renewable combustibles,24974.0
2020,Manitoba,Solar,419.0
2020,Manitoba,Wind,958368.0
2020,New Brunswick,Biomass,570307.0
2020,New Brunswick,Combustible fuels,3789915.0
2020,New Brunswick,Hydro,2771095.0
2020,New Brunswick,Non-renewable combustibles,3219608.0
2020,New Brunswick,Nuclear,4795083.0
2020,New Brunswick,Solar,0.0
2020,New Brunswick,Wind,895860.0
2020,Newfoundland and Labrador,Biomass,36237.0
2020,Newfoundland and Labrador,Combustible fuels,1506111.0
2020,Newfoundland and Labrador,Hydro,38324062.0
2020,Newfoundland and Labrador,Non-renewable combustibles,1469874.0
2020,Newfoundland and Labrador,Solar,0.0
2020,Newfoundland and Labrador,Wind,178456.0
2020,Nova Scotia,Biomass,256498.0
2020,Nova Scotia,Combustible fuels,7426287.0
2020,Nova Scotia,Hydro,754117.0
2020,Nova Scotia,Non-renewable combustibles,7169789.0
2020,Nova Scotia,Solar,0.0
2020,Nova Scotia,Wind,910387.0
2020,Ontario,Biomass,1214969.0
2020,Ontario,Combustible fuels,13191727.0
2020,Ontario,Hydro,39022698.0
2020,Ontario,Non-renewable combustibles,11976758.0
2020,Ontario,Nuclear,87856772.0
2020,Ontario,Solar,2538661.0
2020,Ontario,Wind,12698295.0
2020,Prince Edward Island,Biomass,4102.0
2020,Prince Edward Island,Combustible fuels,5486.0
2020,Prince Edward Island,Hydro,0.0
2020,Prince Edward Island,Non-renewable combustibles,1384.0
2020,Prince Edward Island,Solar,573.0
2020,Prince Edward Island,Wind,644132.0
2020,Quebec,Biomass,1186231.0
2020,Quebec,Combustible fuels,2025703.0
2020,Quebec,Hydro,194150539.0
2020,Quebec,Non-renewable combustibles,839472.0
2020,Quebec,Nuclear,
2020,Quebec,Solar,1427.0
2020,Quebec,Wind,10836985.0
2020,Saskatchewan,Biomass,12151.0
2020,Saskatchewan,Combustible fuels,19186158.0
2020,Saskatchewan,Hydro,4423240.0
2020,Saskatchewan,Non-renewable combustibles,19174007.0
2020,Saskatchewan,Solar,27.0
2020,Saskatchewan,Wind,819816.0
2021,Alberta,Biomass,1883878.0
2021,Alberta,Combustible fuels,65538584.0
2021,Alberta,Hydro,2132084.0
2021,Alberta,Non-renewable combustibles,63654706.0
2021,Alberta,Solar,254061.0
2021,Alberta,Wind,6779751.0
2021,British Columbia,Biomass,4066046.0
2021,British Columbia,Combustible fuels,6180736.0
2021,British Columbia,Hydro,63801584.0
2021,British Columbia,Non-renewable combustibles,2114690.0
2021,British Columbia,Solar,4316.0
2021,British Columbia,Wind,1998525.0
2021,Manitoba,Biomass,80671.0
2021,Manitoba,Combustible fuels,107882.0
2021,Manitoba,Hydro,27938212.0
2021,Manitoba,Non-renewable combustibles,27211.0
2021,Manitoba,Solar,2010.0
2021,Manitoba,Wind,959981.0
2021,New Brunswick,Biomass,592673.0
2021,New Brunswick,Combustible fuels,4601923.0
2021,New Brunswick,Hydro,2622258.0
2021,New Brunswick,Non-renewable combustibles,4009250.0
2021,New Brunswick,Nuclear,4418515.0
2021,New Brunswick,Solar,0.0
2021,New Brunswick,Wind,708624.0
2021,Newfoundland and Labrador,Biomass,33398.0
2021,Newfoundland and Labrador,Combustible fuels,1374830.0
2021,Newfoundland and Labrador,Hydro,39972406.0
2021,Newfoundland and Labrador,Non-renewable combustibles,1341432.0
2021,Newfoundland and Labrador,Solar,0.0
2021,Newfoundland and Labrador,Wind,157493.0
2021,Nova Scotia,Biomass,333619.0
2021,Nova Scotia,Combustible fuels,7229401.0
2021,Nova Scotia,Hydro,779657.0
2021,Nova Scotia,Non-renewable combustibles,6895782.0
2021,Nova Scotia,Solar,0.0
2021,Nova Scotia,Wind,1105724.0
2021,Ontario,Biomass,1264701.0
2021,Ontario,Combustible fuels,15605363.0
2021,Ontario,Hydro,35481408.0
2021,Ontario,Non-renewable combustibles,14340662.0
2021,Ontario,Nuclear,82957735.0
2021,Ontario,Solar,2470553.0
2021,Ontario,Wind,12633814.0
2021,Prince Edward Island,Biomass,3579.0
2021,Prince Edward Island,Combustible fuels,6534.0
2021,Prince Edward Island,Hydro,0.0
2021,Prince Edward Island,Non-renewable combustibles,2955.0
2021,Prince Edward Island,Solar,553.0
2021,Prince Edward Island,Wind,596542.0
2021,Quebec,Biomass,1199687.0
2021,Quebec,Combustible fuels,2068854.0
2021,Quebec,Hydro,200516192.0
2021,Quebec,Non-renewable combustibles,869167.0
2021,Quebec,Nuclear,
2021,Quebec,Solar,4044.0
2021,Quebec,Wind,10356615.0
2021,Saskatchewan,Biomass,11719.0
2021,Saskatchewan,Combustible fuels,20824292.0
2021,Saskatchewan,Hydro,2982414.0
2021,Saskatchewan,Non-renewable combustibles,20812573.0
2021,Saskatchewan,Solar,4271.0
2021,Saskatchewan,Wind,866384.0
2022,Alberta,Biomass,1823869.0
2022,Alberta,Combustible fuels,64598645.0
2022,Alberta,Hydro,2256567.0
2022,Alberta,Non-renewable combustibles,62774776.0
2022,Alberta,Solar,850958.0
2022,Alberta,Wind,7215800.0
2022,British Columbia,Biomass,3150099.0
2022,British Columbia,Combustible fuels,4810408.0
2022,British Columbia,Hydro,62583879.0
2022,British Columbia,Non-renewable combustibles,1660309.0
2022,British Columbia,Solar,5291.0
2022,British Columbia,Wind,1434044.0
2022,Manitoba,Biomass,83032.0
2022,Manitoba,Combustible fuels,111641.0
2022,Manitoba,Hydro,36737324.0
2022,Manitoba,Non-renewable combustibles,28609.0
2022,Manitoba,Solar,222.0
2022,Manitoba,Wind,988756.0
2022,New Brunswick,Biomass,561860.0
2022,New Brunswick,Combustible fuels,4958475.0
2022,New Brunswick,Hydro,3317297.0
2022,New Brunswick,Non-renewable combustibles,4396615.0
2022,New Brunswick,Nuclear,3539920.0
2022,New Brunswick,Solar,0.0
2022,New Brunswick,Wind,555698.0
2022,Newfoundland and Labrador,Biomass,28457.0
2022,Newfoundland and Labrador,Combustible fuels,1227653.0
2022,Newfoundland and Labrador,Hydro,40156473.0
2022,Newfoundland and Labrador,Non-renewable combustibles,1199196.0
2022,Newfoundland and Labrador,Solar,0.0
2022,Newfoundland and Labrador,Wind,177923.0
2022,Nova Scotia,Biomass,175489.0
2022,Nova Scotia,Combustible fuels,6726593.0
2022,Nova Scotia,Hydro,883221.0
2022,Nova Scotia,Non-renewable combustibles,6551104.0
2022,Nova Scotia,Solar,0.0
2022,Nova Scotia,Wind,1380591.0
2022,Ontario,Biomass,1075796.0
2022,Ontario,Combustible fuels,18568966.0
2022,Ontario,Hydro,39510420.0
2022,Ontario,Non-renewable combustibles,17493170.0
2022,Ontario,Nuclear,78761095.0
2022,Ontario,Solar,2285759.0
2022,Ontario,Wind,14307157.0
2022,Prince Edward Island,Biomass,3584.0
2022,Prince Edward Island,Combustible fuels,5933.0
2022,Prince Edward Island,Hydro,0.0
2022,Prince Edward Island,Non-renewable combustibles,2349.0
2022,Prince Edward Island,Solar,579.0
2022,Prince Edward Island,Wind,526379.0
2022,Quebec,Biomass,1256285.0
2022,Quebec,Combustible fuels,2045926.0
2022,Quebec,Hydro,202857888.0
2022,Quebec,Non-renewable combustibles,789641.0
2022,Quebec,Nuclear,
2022,Quebec,Solar,14448.0
2022,Quebec,Wind,10897227.0
2022,Saskatchewan,Biomass,28667.0
2022,Saskatchewan,Combustible fuels,19276095.0
2022,Saskatchewan,Hydro,3304033.0
2022,Saskatchewan,Non-renewable combustibles,19247428.0
2022,Saskatchewan,Solar,30097.0
2022,Saskatchewan,Wind,1585950.0
2023,Alberta,Biomass,1890833.0
2023,Alberta,Combustible fuels,62545768.0
2023,Alberta,Hydro,1964256.0
2023,Alberta,Non-renewable combustibles,60654935.0
2023,Alberta,Solar,2293999.0
2023,Alberta,Wind,10365759.0
2023,British Columbia,Biomass,3813013.0
2023,British Columbia,Combustible fuels,5274995.0
2023,British Columbia,Hydro,49132268.0
2023,British Columbia,Non-renewable combustibles,1461982.0
2023,British Columbia,Solar,3591.0
2023,British Columbia,Wind,1692099.0
2023,Manitoba,Biomass,95817.0
2023,Manitoba,Combustible fuels,124871.0
2023,Manitoba,Hydro,32307484.0
2023,Manitoba,Non-renewable combustibles,29054.0
2023,Manitoba,Solar,1461.0
2023,Manitoba,Wind,821947.0
2023,New Brunswick,Biomass,509075.0
2023,New Brunswick,Combustible fuels,6686573.0
2023,New Brunswick,Hydro,3768713.0
2023,New Brunswick,Non-renewable combustibles,6177498.0
2023,New Brunswick,Nuclear,4745491.0
2023,New Brunswick,Solar,771.0
2023,New Brunswick,Wind,620610.0
2023,Newfoundland and Labrador,Biomass,20461.0
2023,Newfoundland and Labrador,Combustible fuels,1000990.0
2023,Newfoundland and Labrador,Hydro,44938488.0
2023,Newfoundland and Labrador,Non-renewable combustibles,980529.0
2023,Newfoundland and Labrador,Solar,0.0
2023,Newfoundland and Labrador,Wind,172259.0
2023,Nova Scotia,Biomass,301579.0
2023,Nova Scotia,Combustible fuels,6017210.0
2023,Nova Scotia,Hydro,959527.0
2023,Nova Scotia,Non-renewable combustibles,5715631.0
2023,Nova Scotia,Solar,2395.0
2023,Nova Scotia,Wind,1298058.0
2023,Ontario,Biomass,1354757.0
2023,Ontario,Combustible fuels,22724032.0
2023,Ontario,Hydro,38826415.0
2023,Ontario,Non-renewable combustibles,21369275.0
2023,Ontario,Nuclear,79820348.0
2023,Ontario,Solar,2301785.0
2023,Ontario,Wind,12580366.0
2023,Prince Edward Island,Biomass,3767.0
2023,Prince Edward Island,Combustible fuels,5650.0
2023,Prince Edward Island,Hydro,0.0
2023,Prince Edward Island,Non-renewable combustibles,1883.0
2023,Prince Edward Island,Solar,539.0
2023,Prince Edward Island,Wind,498010.0
2023,Quebec,Biomass,1276759.0
2023,Quebec,Combustible fuels,1951057.0
2023,Quebec,Hydro,184021839.0
2023,Quebec,Non-renewable combustibles,674298.0
2023,Quebec,Nuclear,
2023,Quebec,Solar,12926.0
2023,Quebec,Wind,9605591.0
2023,Saskatchewan,Biomass,52887.0
2023,Saskatchewan,Combustible fuels,19934535.0
2023,Saskatchewan,Hydro,2703966.0
2023,Saskatchewan,Non-renewable combustibles,19881648.0
2023,Saskatchewan,Solar,49063.0
2023,Saskatchewan,Wind,1985281.0
2024,Alberta,Biomass,1462826.0
2024,Alberta,Combustible fuels,63132914.0
2024,Alberta,Hydro,1826268.0
2024,Alberta,Non-renewable combustibles,61670088.0
2024,Alberta,Solar,2792114.0
2024,Alberta,Wind,12831194.0
2024,British Columbia,Biomass,3895425.0
2024,British Columbia,Combustible fuels,5534775.0
2024,British Columbia,Hydro,51729850.0
2024,British Columbia,Non-renewable combustibles,1639350.0
2024,British Columbia,Solar,3392.0
2024,British Columbia,Wind,1775914.0
2024,Manitoba,Biomass,81702.0
2024,Manitoba,Combustible fuels,108572.0
2024,Manitoba,Hydro,29422657.0
2024,Manitoba,Non-renewable combustibles,26870.0
2024,Manitoba,Solar,1738.0
2024,Manitoba,Wind,908364.0
2024,New Brunswick,Biomass,588934.0
2024,New Brunswick,Combustible fuels,6068877.0
2024,New Brunswick,Hydro,2629267.0
2024,New Brunswick,Non-renewable combustibles,5479943.0
2024,New Brunswick,Nuclear,1766511.0
2024,New Brunswick,Solar,2575.0
2024,New Brunswick,Wind,983028.0
2024,Newfoundland and Labrador,Biomass,1635.0
2024,Newfoundland and Labrador,Combustible fuels,1119879.0
2024,Newfoundland and Labrador,Hydro,41070460.0
2024,Newfoundland and Labrador,Non-renewable combustibles,1118244.0
2024,Newfoundland and Labrador,Solar,0.0
2024,Newfoundland and Labrador,Wind,173814.0
2024,Nova Scotia,Biomass,353119.0
2024,Nova Scotia,Combustible fuels,6502717.0
2024,Nova Scotia,Hydro,728045.0
2024,Nova Scotia,Non-renewable combustibles,6149598.0
2024,Nova Scotia,Solar,2744.0
2024,Nova Scotia,Wind,1597435.0
2024,Ontario,Biomass,1351712.0
2024,Ontario,Combustible fuels,28803268.0
2024,Ontario,Hydro,39282645.0
2024,Ontario,Non-renewable combustibles,27451556.0
2024,Ontario,Nuclear,79968639.0
2024,Ontario,Solar,2324796.0
2024,Ontario,Wind,13861762.0
2024,Prince Edward Island,Biomass,3637.0
2024,Prince Edward Island,Combustible fuels,5500.0
2024,Prince Edward Island,Hydro,0.0
2024,Prince Edward Island,Non-renewable combustibles,1863.0
2024,Prince Edward Island,Solar,32073.0
2024,Prince Edward Island,Wind,531692.0
2024,Quebec,Biomass,1544944.0
2024,Quebec,Combustible fuels,2330029.0
2024,Quebec,Hydro,172164363.0
2024,Quebec,Non-renewable combustibles,785085.0
2024,Quebec,Nuclear,
2024,Quebec,Solar,14590.0
2024,Quebec,Wind,11012617.0
2024,Saskatchewan,Biomass,64204.0
2024,Saskatchewan,Combustible fuels,20097708.0
2024,Saskatchewan,Hydro,2406896.0
2024,Saskatchewan,Non-renewable combustibles,20033504.0
2024,Saskatchewan,Solar,55891.0
2024,Saskatchewan,Wind,2143475.0
2025,Alberta,Biomass,1703587.0
2025,Alberta,Combustible fuels,65825792.0
2025,Alberta,Hydro,2081350.0
2025,Alberta,Non-renewable combustibles,64122205.0
2025,Alberta,Solar,3535210.0
2025,Alberta,Wind,14949839.0
2025,British Columbia,Biomass,3664867.0
2025,British Columbia,Combustible fuels,5504173.0
2025,British Columbia,Hydro,57268726.0
2025,British Columbia,Non-renewable combustibles,1839306.0
2025,British Columbia,Solar,16172.0
2025,British Columbia,Wind,1748692.0
2025,Manitoba,Biomass,46896.0
2025,Manitoba,Combustible fuels,69934.0
2025,Manitoba,Hydro,25418979.0
2025,Manitoba,Non-renewable combustibles,23038.0
2025,Manitoba,Solar,2120.0
2025,Manitoba,Wind,911308.0
2025,New Brunswick,Biomass,710726.0
2025,New Brunswick,Combustible fuels,5921929.0
2025,New Brunswick,Hydro,2555441.0
2025,New Brunswick,Non-renewable combustibles,5211203.0
2025,New Brunswick,Nuclear,3296023.0
2025,New Brunswick,Solar,1933.0
2025,New Brunswick,Wind,1162400.0
2025,Newfoundland and Labrador,Biomass,1846.0
2025,Newfoundland and Labrador,Combustible fuels,1250397.0
2025,Newfoundland and Labrador,Hydro,35929208.0
2025,Newfoundland and Labrador,Non-renewable combustibles,1248551.0
2025,Newfoundland and Labrador,Solar,0.0
2025,Newfoundland and Labrador,Wind,181000.0
2025,Nova Scotia,Biomass,354772.0
2025,Nova Scotia,Combustible fuels,6694044.0
2025,Nova Scotia,Hydro,617270.0
2025,Nova Scotia,Non-renewable combustibles,6339272.0
2025,Nova Scotia,Solar,5863.0
2025,Nova Scotia,Wind,1705060.0
2025,Ontario,Biomass,1362430.0
2025,Ontario,Combustible fuels,35618296.0
2025,Ontario,Hydro,38793227.0
2025,Ontario,Non-renewable combustibles,34255866.0
2025,Ontario,Nuclear,78276140.0
2025,Ontario,Solar,2282600.0
2025,Ontario,Wind,14695153.0
2025,Prince Edward Island,Biomass,4244.0
2025,Prince Edward Island,Combustible fuels,7212.0
2025,Prince Edward Island,Hydro,0.0
2025,Prince Edward Island,Non-renewable combustibles,2968.0
2025,Prince Edward Island,Solar,48684.0
2025,Prince Edward Island,Wind,578080.0
2025,Quebec,Biomass,1376700.0
2025,Quebec,Combustible fuels,1959034.0
2025,Quebec,Hydro,177298645.0
2025,Quebec,Non-renewable combustibles,582334.0
2025,Quebec,Nuclear,
2025,Quebec,Solar,12079.0
2025,Quebec,Wind,11799502.0
2025,Saskatchewan,Biomass,63872.0
2025,Saskatchewan,Combustible fuels,19561486.0
2025,Saskatchewan,Hydro,2828125.0
2025,Saskatchewan,Non-renewable combustibles,19497614.0
2025,Saskatchewan,Solar,46694.0
2025,Saskatchewan,Wind,2726798.0
